scout,match,robot,team,start,show,move,auto_coral_L1_num,auto_coral_L2_num,auto_coral_L3_num,auto_coral_L4_num,auto_coral_missed,robot_reef_removal,robot_algae_picked,robot_net_score,robot_net_miss,proc_score,coral_L1_num,coral_L2_num,coral_L3_num,coral_L4_num,tele_missed,climb_attempt,ending,climb_time,fouls,defense,driver,dead,comments,commentOpen
RS,1,B3,3258,,TRUE,FALSE,0,0,0,0,0,FALSE,FALSE,0,0,0,0,0,0,0,0,FALSE,No,FALSE,0,0,1,NA,,
SY,1,B1,1731,R3,FALSE,TRUE,0,0,0,1,0,TRUE,FALSE,0,0,0,0,0,2,7,0,TRUE,P,FALSE,0,0,5,NA,,
DK,1,R1,617,R3,FALSE,FALSE,0,0,0,0,0,FALSE,FALSE,0,0,0,0,0,0,0,0,FALSE,P,FALSE,0,0,3,NA,,No swerve; barely moved; coral fell in drive train
AW,1,B3,540,R1,FALSE,FALSE,0,0,0,0,0,FALSE,FALSE,0,0,0,1,0,0,0,0,FALSE,No,FALSE,0,0,2,NA,,
ES,1,R3,4472,R2,FALSE,TRUE,0,0,0,0,0,TRUE,FALSE,0,0,0,0,0,0,0,0,TRUE,P,FALSE,0,0,1,NA,,Cooked don't pick
FL,1,B2,6802,R2,FALSE,TRUE,0,0,0,0,0,FALSE,FALSE,0,0,0,0,0,0,0,0,TRUE,P,FALSE,0,0,3,NA,,"Missed an l4, got coral stuck in bot"
AW,2,R2,614,R2,FALSE,TRUE,1,0,0,0,0,FALSE,FALSE,0,0,3,3,0,0,0,0,FALSE,No,FALSE,0,0,3,NA,,
RS,2,B3,9003,R2,FALSE,TRUE,0,0,0,0,0,FALSE,FALSE,0,0,2,1,0,0,1,0,FALSE,No,FALSE,0,0,3,NA,,Difficulty intaking
AY,2,R3,1599,R3,FALSE,TRUE,0,0,0,0,0,TRUE,FALSE,0,0,0,1,0,0,3,0,TRUE,P,FALSE,0,0,3,NA,,
FL,2,B2,339,R3,FALSE,TRUE,0,0,0,0,0,FALSE,FALSE,0,0,0,0,2,2,0,0,FALSE,P,FALSE,0,0,3,NA,,Slow
DK,2,R1,1599,R3,FALSE,TRUE,0,0,0,0,0,TRUE,FALSE,0,0,0,0,0,0,3,0,TRUE,P,FALSE,0,0,3,NA,,Very wonky; everything wobbled; keep dropping piec
SY,2,B1,2106,R1,FALSE,TRUE,0,0,0,1,0,TRUE,FALSE,0,0,1,0,1,2,5,0,TRUE,D,TRUE,0,0,5,NA,,"Very good and fast cycling, small Coral load issue"
YR,3,B2,10257,R2,FALSE,TRUE,0,0,0,0,0,TRUE,FALSE,0,0,1,0,0,0,0,0,FALSE,P,FALSE,0,0,2,NA,,
AW,3,R2,1522,R3,FALSE,TRUE,0,0,0,0,0,FALSE,FALSE,0,0,0,0,0,1,2,0,FALSE,No,FALSE,0,0,3,NA,,It was rolling up on the algae on the ground
KO,3,R3,10224,R1,FALSE,TRUE,0,0,0,0,0,TRUE,FALSE,0,0,1,0,0,0,0,0,FALSE,No,FALSE,0,0,2,NA,,Coral dropped in processor
RS,3,B3,6326,R3,FALSE,FALSE,0,0,0,0,0,FALSE,FALSE,0,0,0,0,0,0,0,0,FALSE,P,FALSE,0,0,3,NA,,Total defense. Mid ngl
DK,3,R1,1086,R2,FALSE,TRUE,0,0,0,0,0,FALSE,FALSE,0,0,0,1,1,2,0,0,FALSE,No,FALSE,0,0,3,NA,,Missed half their coral shots; kinda slow.
SY,3,B1,1262,R1,FALSE,TRUE,0,0,0,0,0,TRUE,FALSE,0,0,0,0,0,1,1,0,FALSE,No,FALSE,0,0,3,NA,,
DK,4,R1,449,R1,FALSE,TRUE,0,0,0,0,0,FALSE,FALSE,0,0,0,0,0,1,9,0,FALSE,No,FALSE,0,0,5,NA,,
SY,4,B1,8592,R1,FALSE,TRUE,0,0,0,0,0,TRUE,FALSE,0,0,0,2,3,0,5,0,TRUE,No,FALSE,0,0,4,NA,,Shaky when extended
KO,4,R3,3373,R3,FALSE,TRUE,0,0,0,0,0,FALSE,FALSE,0,0,0,0,0,0,0,0,FALSE,P,FALSE,0,0,2,NA,,Last 1m parked
AW,4,R2,404,R3,FALSE,TRUE,0,0,0,0,0,TRUE,TRUE,0,0,3,0,0,0,0,0,FALSE,P,FALSE,0,0,3,NA,,Good teammate; helped us get off an algae
RS,4,B3,4505,R3,FALSE,FALSE,0,0,0,0,0,FALSE,FALSE,0,0,0,1,0,1,2,0,FALSE,No,FALSE,0,0,3,NA,,Accuracy issues
FL,4,B2,2998,R2,FALSE,FALSE,0,0,0,0,0,FALSE,FALSE,0,0,0,0,0,0,0,0,FALSE,No,FALSE,0,0,3,NA,,
SY,5,B1,10370,R3,FALSE,TRUE,0,0,0,0,0,FALSE,FALSE,0,0,0,7,0,0,0,0,FALSE,P,FALSE,0,0,2,NA,,"Bad orientation for dispenser, just a trough pumpe"
KO,5,R3,346,R1,FALSE,TRUE,0,0,0,0,0,TRUE,TRUE,0,0,3,0,0,0,0,0,FALSE,P,FALSE,0,0,3,NA,,"Auto failed L4, coral stuck in body teleop"
FL,5,B2,9214,R1,FALSE,FALSE,0,0,0,0,0,FALSE,FALSE,0,0,0,0,0,0,0,0,FALSE,No,FALSE,0,0,2,NA,,"failed to clear algae, couldnt intake coral"
RS,5,B3,2988,R2,FALSE,FALSE,0,0,0,0,0,FALSE,FALSE,0,0,0,0,0,0,0,0,FALSE,No,FALSE,0,0,1,NA,,Never moved.
AW,5,R2,9709,R3,FALSE,FALSE,0,0,0,0,0,FALSE,FALSE,0,0,0,0,0,0,0,0,TRUE,P,FALSE,0,0,3,NA,,Kept stopping and starting
LJ,5,R1,1895,R2,FALSE,TRUE,0,0,0,0,0,TRUE,FALSE,0,0,0,0,0,0,0,0,FALSE,P,FALSE,0,0,2,NA,,Fouls on defense Only attempted L1
AW,6,R2,4286,,FALSE,TRUE,0,0,0,0,0,FALSE,FALSE,0,0,0,0,0,0,0,0,FALSE,P,FALSE,0,0,3,NA,,Tried to play defense for a little while
SY,6,B1,5804,R3,FALSE,TRUE,0,0,0,0,0,FALSE,FALSE,0,0,0,0,0,0,1,0,FALSE,P,FALSE,0,0,2,NA,,awful intake mech. and bad geo
LJ,6,R1,3361,,TRUE,FALSE,0,0,0,0,0,FALSE,FALSE,0,0,0,0,0,0,0,0,FALSE,No,FALSE,0,0,3,NA,,
FL,6,B2,5724,R2,FALSE,TRUE,0,0,0,0,0,TRUE,TRUE,0,0,1,0,0,1,0,0,FALSE,P,FALSE,0,0,3,NA,,
AY,6,B3,3258,R1,FALSE,TRUE,0,0,0,0,0,FALSE,FALSE,0,0,0,4,0,0,0,0,FALSE,P,FALSE,0,0,2,NA,,Kit bot
KO,6,R3,1731,R2,FALSE,TRUE,0,0,0,2,0,TRUE,FALSE,0,0,0,0,0,0,5,0,TRUE,D,TRUE,0,0,5,NA,,
AY,7,B3,2998,R2,FALSE,FALSE,0,0,0,0,0,FALSE,FALSE,0,0,0,0,0,0,0,0,FALSE,No,FALSE,0,0,2,NA,,Barely moved
FL,7,B2,1522,R1,FALSE,TRUE,0,0,0,0,0,TRUE,FALSE,0,0,1,2,0,2,1,0,FALSE,P,FALSE,0,0,3,NA,,
SY,7,B1,6802,R3,FALSE,TRUE,0,0,0,0,0,FALSE,FALSE,0,0,0,1,0,0,2,0,TRUE,No,TRUE,0,0,3,NA,,"Inconsistent L4, but good climb"
LJ,7,R1,3373,R1,FALSE,TRUE,0,0,0,0,0,FALSE,FALSE,0,0,0,0,0,0,0,0,TRUE,D,FALSE,0,0,3,NA,,"Parked really early, only attempted L1"
KO,7,R3,2106,R3,FALSE,TRUE,0,1,0,0,0,TRUE,FALSE,1,1,2,0,1,2,5,0,TRUE,D,TRUE,0,0,5,NA,,
AW,7,R2,539,R2,FALSE,TRUE,1,0,0,0,0,FALSE,FALSE,0,0,0,2,0,3,0,0,FALSE,P,FALSE,0,0,4,NA,,
SY,8,B1,449,R3,FALSE,TRUE,1,0,0,0,0,FALSE,FALSE,0,0,0,0,3,2,5,0,FALSE,P,FALSE,0,0,5,NA,,Oliver :)
FL,8,B2,10370,R2,FALSE,TRUE,0,0,0,0,0,FALSE,FALSE,0,0,0,1,0,0,0,0,FALSE,P,FALSE,0,0,3,NA,,
AW,8,R2,617,R3,TRUE,FALSE,0,0,0,0,0,FALSE,FALSE,0,0,0,0,0,0,0,0,FALSE,No,FALSE,0,0,3,NA,,
LJ,8,R1,346,R1,FALSE,TRUE,0,0,0,0,0,TRUE,FALSE,0,0,1,1,2,2,0,0,FALSE,P,FALSE,0,0,3,NA,,Slow intake
RX,8,B3,339,R1,FALSE,TRUE,0,0,0,0,0,FALSE,FALSE,0,0,0,2,1,0,0,0,FALSE,P,FALSE,0,0,3,NA,,
KO,8,R3,6326,R2,FALSE,FALSE,0,0,0,0,0,FALSE,FALSE,0,0,0,0,0,0,0,0,FALSE,No,FALSE,0,0,4,NA,,Defended during all of teleop
AW,9,R2,614,R2,FALSE,TRUE,1,0,0,0,0,FALSE,FALSE,0,0,1,1,1,0,0,0,FALSE,P,FALSE,0,0,2,NA,,"Floppy manipulator, almost tipped over once"
SY,9,B1,9214,R3,FALSE,FALSE,0,0,0,0,0,TRUE,FALSE,0,0,0,0,0,0,0,0,FALSE,P,FALSE,0,0,1,NA,,"Bad intake, strange"
FL,9,B2,1599,R1,FALSE,TRUE,1,0,0,0,0,TRUE,FALSE,0,0,0,0,0,2,0,0,TRUE,D,FALSE,0,0,3,NA,,
Frank,9,B3,8592,R3,FALSE,FALSE,0,0,0,1,0,TRUE,FALSE,0,0,0,1,0,0,5,0,TRUE,S,TRUE,0,0,5,NA,,Very good. Saved teammate and bad depth perception
LJ,9,R1,4286,R1,FALSE,FALSE,0,0,0,0,0,FALSE,FALSE,0,0,0,0,0,0,0,0,FALSE,P,FALSE,0,0,2,NA,,"Defense bot, very wobbly manip and elevator, slow"
Gl,9,R3,1895,R3,FALSE,TRUE,0,0,0,0,0,FALSE,FALSE,0,0,0,1,0,0,3,0,TRUE,P,FALSE,0,0,3,NA,,
AW,10,R2,2988,B1,TRUE,FALSE,0,0,0,0,0,FALSE,FALSE,0,0,0,0,0,0,0,0,FALSE,No,FALSE,0,0,3,NA,,
SY,10,B1,10224,R3,FALSE,TRUE,0,0,0,0,0,FALSE,FALSE,0,0,0,1,0,0,0,0,FALSE,No,FALSE,0,0,1,NA,,
GL,10,R3,404,R2,FALSE,TRUE,0,0,0,0,0,TRUE,TRUE,0,0,3,0,0,0,0,0,FALSE,No,FALSE,0,0,3,NA,,None
LJ,10,R1,540,R1,FALSE,TRUE,0,0,0,0,0,FALSE,FALSE,0,0,0,0,2,2,0,0,FALSE,No,FALSE,0,0,4,NA,,"Coral got stuck in robot 3 times, had to dislodge"
FL,10,B2,4472,R2,FALSE,TRUE,0,0,0,0,0,TRUE,FALSE,0,0,0,0,0,2,0,0,FALSE,P,FALSE,0,0,3,NA,,Sort of effective defense. Helped404
Frank,10,B3,10257,R1,FALSE,TRUE,0,0,0,0,0,FALSE,FALSE,0,0,0,0,0,0,0,0,FALSE,P,FALSE,0,0,2,NA,,Sort of effective defense. Helped404
GL,11,R3,9709,R3,FALSE,FALSE,0,0,0,0,0,FALSE,FALSE,0,0,0,0,0,0,0,0,FALSE,P,FALSE,0,0,3,NA,,
JJ,11,B3,5724,R3,FALSE,TRUE,0,0,0,0,0,FALSE,TRUE,0,0,1,0,0,1,0,0,FALSE,P,FALSE,0,0,2,NA,,
YZ,11,B1,3361,R2,TRUE,FALSE,0,0,0,0,0,FALSE,FALSE,0,0,0,0,0,0,0,0,FALSE,No,FALSE,0,0,3,NA,,
BH,11,R1,5804,R1,FALSE,FALSE,0,0,0,0,0,FALSE,FALSE,0,0,0,0,0,0,4,0,FALSE,P,FALSE,0,0,3,NA,,
AM,11,B2,1262,R1,FALSE,TRUE,0,0,0,0,0,TRUE,FALSE,0,0,0,0,0,4,0,0,FALSE,No,FALSE,0,0,3,NA,,
NY,11,R2,4505,R2,FALSE,FALSE,0,0,0,0,0,FALSE,FALSE,0,0,0,1,0,0,3,0,FALSE,No,FALSE,0,0,2,NA,,
RN,12,B3,4286,R2,FALSE,FALSE,0,0,0,0,0,FALSE,FALSE,0,0,0,0,0,0,0,0,FALSE,No,FALSE,0,0,1,NA,,
YZ,12,B1,9003,R1,FALSE,TRUE,0,0,0,0,0,TRUE,FALSE,0,0,0,0,1,2,3,0,FALSE,P,FALSE,0,0,4,NA,,
GL,12,R3,10370,R3,FALSE,TRUE,0,0,0,0,0,FALSE,FALSE,0,0,0,7,0,0,0,0,FALSE,No,FALSE,0,0,3,NA,,
BH,12,R1,8592,R1,FALSE,TRUE,0,0,0,0,0,TRUE,FALSE,1,0,0,0,2,5,5,0,FALSE,D,FALSE,0,0,3,NA,,
AM,12,B2,346,R3,FALSE,TRUE,0,0,0,0,0,FALSE,FALSE,0,0,0,3,0,2,0,0,FALSE,P,FALSE,0,0,3,NA,,
SR,12,R2,1086,R2,FALSE,TRUE,0,0,0,0,0,TRUE,FALSE,0,0,2,0,1,0,0,0,FALSE,P,FALSE,0,0,2,NA,,
YR,13,B3,3258,R1,FALSE,TRUE,0,0,0,0,0,FALSE,FALSE,0,0,0,6,0,0,0,0,FALSE,P,FALSE,0,0,1,NA,,
JJ,13,B2,404,R2,FALSE,TRUE,0,0,0,0,0,TRUE,TRUE,0,0,6,0,0,0,0,0,FALSE,No,FALSE,0,0,2,NA,,
AY,13,R3,540,R3,FALSE,TRUE,0,0,0,0,0,FALSE,FALSE,0,0,0,0,6,5,0,0,FALSE,No,FALSE,0,0,4,NA,,
KO,13,R2,10257,R2,FALSE,TRUE,0,0,0,0,0,FALSE,TRUE,1,0,1,0,0,0,1,0,FALSE,P,FALSE,0,0,3,NA,,
EG,13,R1,2106,R1,FALSE,TRUE,0,0,0,1,0,TRUE,FALSE,0,0,0,0,1,2,5,0,TRUE,P,FALSE,0,0,4,NA,,
BH,13,B1,617,R3,FALSE,FALSE,0,0,0,0,0,FALSE,FALSE,0,0,0,0,0,0,0,0,FALSE,P,FALSE,0,0,2,NA,,
YR,14,B3,539,R1,FALSE,TRUE,0,0,0,0,0,FALSE,FALSE,0,0,0,2,0,1,0,0,FALSE,P,FALSE,0,0,1,NA,,
YZ,14,R2,5724,R1,FALSE,TRUE,0,0,0,0,0,FALSE,TRUE,0,0,1,0,0,0,0,0,FALSE,P,FALSE,0,0,2,NA,,
JJ,14,B2,4472,R2,FALSE,TRUE,0,0,0,0,0,TRUE,FALSE,0,0,3,0,0,0,0,0,FALSE,P,FALSE,0,0,3,NA,,Their coral intake is really bad
BH,14,B1,2998,R3,FALSE,FALSE,0,0,0,0,0,FALSE,FALSE,0,0,0,0,0,0,0,0,FALSE,P,FALSE,0,0,4,NA,,Good defense
SR,14,R1,1731,R2,FALSE,TRUE,0,0,0,0,0,TRUE,FALSE,0,0,0,0,0,3,5,0,TRUE,D,FALSE,0,0,4,NA,,Recount tele coral
MH,14,R3,449,R2,FALSE,TRUE,0,0,0,1,0,FALSE,FALSE,0,0,0,0,4,2,5,0,FALSE,P,FALSE,0,0,5,NA,,
SR,15,R1,2988,R2,TRUE,FALSE,0,0,0,0,0,FALSE,FALSE,0,0,0,0,0,0,0,0,FALSE,No,FALSE,0,0,1,NA,,
YR,15,B3,1086,R1,FALSE,TRUE,0,0,0,0,0,TRUE,FALSE,0,0,3,1,0,3,0,0,FALSE,P,FALSE,0,0,3,NA,,
JJ,15,B2,9214,R1,FALSE,TRUE,0,0,0,0,0,FALSE,FALSE,0,0,0,0,0,0,0,0,FALSE,No,FALSE,0,0,3,NA,,Still able to occasionally move their subsystem.
YZ,15,R2,5804,R1,FALSE,TRUE,0,0,0,0,0,FALSE,FALSE,0,0,0,0,0,0,4,0,FALSE,P,FALSE,0,0,2,NA,,
MH,15,B1,614,R3,FALSE,TRUE,0,0,0,0,0,FALSE,FALSE,0,0,0,4,0,0,0,0,FALSE,No,FALSE,0,0,3,NA,,
YZ,16,R2,1522,R3,FALSE,TRUE,0,0,0,0,0,FALSE,FALSE,0,0,0,0,0,4,2,0,FALSE,P,FALSE,0,0,3,NA,,Very slow elevator
BH,16,B1,1895,R2,FALSE,TRUE,0,0,0,0,0,TRUE,FALSE,0,0,0,0,0,0,5,0,FALSE,P,FALSE,0,0,3,NA,,
JJ,16,B2,3373,R1,FALSE,TRUE,0,0,0,0,0,FALSE,FALSE,0,0,0,0,0,0,1,0,FALSE,P,FALSE,0,0,3,NA,,Defended
AZ,16,R3,9709,R3,FALSE,FALSE,0,0,0,0,0,FALSE,FALSE,0,0,0,1,0,0,0,0,FALSE,P,FALSE,0,0,2,NA,,3 major fouls in 2 secs
YR,16,B3,9003,R1,FALSE,TRUE,0,0,0,0,0,FALSE,FALSE,0,0,0,2,0,3,2,0,FALSE,P,FALSE,0,0,1,NA,,
RN,16,R1,1262,R1,FALSE,TRUE,1,0,0,0,0,TRUE,FALSE,0,0,0,0,0,2,0,0,FALSE,P,FALSE,0,0,2,NA,,spun fast randomly multiple times
YZ,17,R2,3361,R1,TRUE,FALSE,0,0,0,0,0,FALSE,FALSE,0,0,0,0,0,0,0,0,FALSE,No,FALSE,0,0,3,NA,,
BH,17,B1,6326,R3,FALSE,TRUE,0,0,0,0,0,FALSE,FALSE,0,0,0,0,0,0,0,0,FALSE,P,FALSE,0,0,2,NA,,Defense
AY,17,R3,339,R1,FALSE,TRUE,0,0,0,0,0,FALSE,FALSE,0,0,0,0,0,0,0,0,FALSE,No,FALSE,0,0,2,NA,,"Tried defense, did nothing"
JJ,17,B2,10224,R3,FALSE,TRUE,0,0,0,0,0,FALSE,FALSE,0,0,0,0,1,0,6,0,FALSE,No,FALSE,0,0,3,NA,,Intake very forgiving for hp
RN,17,R1,1599,R3,FALSE,TRUE,0,0,0,0,0,TRUE,FALSE,0,0,0,0,0,3,0,0,FALSE,No,FALSE,0,0,2,NA,,
YR,17,B3,4505,R2,FALSE,FALSE,0,0,0,0,0,FALSE,FALSE,0,0,0,0,0,0,2,0,FALSE,P,FALSE,0,0,2,NA,,
JJ,18,B2,539,R1,FALSE,TRUE,0,0,0,0,0,FALSE,FALSE,0,0,0,0,0,0,0,0,FALSE,No,FALSE,0,0,3,NA,,"Missed an auto l2, elevator died, coral stuck"
AY,18,R3,2998,R3,FALSE,TRUE,0,0,0,0,0,FALSE,FALSE,0,0,0,6,0,0,0,0,FALSE,P,FALSE,0,0,2,NA,,Missed some L1
YZ,18,R2,2988,R2,FALSE,TRUE,0,0,0,0,0,FALSE,FALSE,0,0,0,0,0,0,0,0,TRUE,P,FALSE,0,0,1,NA,,Defense
BH,18,B1,4286,R2,FALSE,TRUE,0,0,0,0,0,FALSE,FALSE,0,0,0,0,0,0,0,0,FALSE,No,FALSE,0,0,3,NA,,Got a foul during auto
YR,18,B3,5804,R1,FALSE,FALSE,0,0,0,0,0,FALSE,FALSE,0,0,0,0,0,0,3,0,FALSE,P,FALSE,0,0,1,NA,,
RN,18,R1,346,R3,FALSE,TRUE,0,0,0,0,0,TRUE,FALSE,0,0,2,0,0,0,4,0,FALSE,P,FALSE,0,0,3,NA,,
AY,19,R3,449,R3,FALSE,TRUE,0,0,0,1,0,TRUE,FALSE,0,0,0,0,2,4,7,0,FALSE,No,FALSE,0,0,5,NA,,
JJ,19,B2,9709,R2,FALSE,FALSE,0,0,0,0,0,FALSE,FALSE,0,0,0,0,0,0,0,0,FALSE,P,FALSE,0,0,3,NA,,"Drive never moved, elevator did."
BH,19,B1,5724,R3,FALSE,TRUE,0,0,0,0,0,TRUE,FALSE,0,0,1,1,0,0,0,0,FALSE,No,FALSE,0,0,4,NA,,
YR,19,B3,614,R1,FALSE,TRUE,1,0,0,0,0,FALSE,TRUE,0,0,1,4,1,0,0,0,TRUE,P,FALSE,0,0,3,NA,,
RN,19,R1,1895,R1,FALSE,TRUE,0,0,0,0,0,FALSE,FALSE,0,0,0,2,0,2,3,0,FALSE,No,FALSE,0,0,3,NA,,
JJ,20,B2,339,R3,FALSE,TRUE,0,0,0,0,0,FALSE,FALSE,0,0,0,0,2,0,0,0,FALSE,P,FALSE,0,0,3,NA,,
BH,20,B1,9214,R2,FALSE,TRUE,0,0,0,0,0,FALSE,FALSE,0,0,0,0,0,0,0,0,FALSE,P,FALSE,0,0,3,NA,,Defense
YZ,20,R2,9003,R3,FALSE,TRUE,0,0,0,0,0,TRUE,FALSE,0,0,0,0,0,4,2,0,FALSE,No,FALSE,0,0,4,NA,,
YR,20,B3,6802,R3,FALSE,TRUE,0,0,0,0,0,FALSE,FALSE,0,0,0,0,0,0,0,0,FALSE,No,FALSE,0,0,1,NA,,
RN,20,R1,10257,R1,FALSE,TRUE,0,0,0,0,0,TRUE,FALSE,0,0,1,0,0,1,0,0,FALSE,P,FALSE,0,0,2,NA,,
AY,20,R3,4505,R2,FALSE,TRUE,0,0,0,0,0,FALSE,FALSE,0,0,0,0,0,0,0,0,FALSE,P,FALSE,0,0,1,NA,,Took multiple shots; bad aim
AY,21,R3,6326,R3,FALSE,TRUE,0,0,0,0,0,FALSE,FALSE,0,0,0,0,0,0,0,0,FALSE,P,FALSE,0,0,2,NA,,Defense
YR,21,B3,1262,R1,FALSE,TRUE,0,0,0,0,0,FALSE,FALSE,0,0,0,0,2,5,0,0,FALSE,P,FALSE,0,0,3,NA,,
RN,21,R1,404,R2,FALSE,FALSE,0,0,0,0,0,TRUE,FALSE,0,0,3,0,0,0,0,0,FALSE,P,FALSE,0,0,1,NA,,
SZ,21,B2,2106,R3,FALSE,TRUE,0,0,0,1,0,TRUE,FALSE,0,0,2,0,0,0,4,0,FALSE,P,FALSE,0,0,5,NA,,
JY,21,R2,8592,R1,FALSE,TRUE,0,0,0,0,0,TRUE,FALSE,0,0,0,0,0,6,0,0,TRUE,D,TRUE,0,0,4,NA,,coral stuck briefly
AY,22,R3,10370,R3,FALSE,TRUE,0,0,0,0,0,FALSE,FALSE,0,0,0,1,0,0,0,0,FALSE,P,FALSE,0,0,3,NA,,
YR,22,B3,10224,R3,FALSE,TRUE,0,0,0,1,0,FALSE,FALSE,0,0,0,1,0,0,3,0,FALSE,No,FALSE,0,0,1,NA,,
RN,22,R1,540,R2,FALSE,TRUE,0,0,0,0,0,FALSE,FALSE,0,0,0,0,7,2,0,0,FALSE,No,FALSE,0,0,3,NA,,
SZ,22,B2,1599,R1,FALSE,TRUE,0,0,0,0,0,TRUE,FALSE,0,0,0,0,0,1,0,0,TRUE,D,TRUE,0,0,4,NA,,Missed intake a lot
RL,22,B1,3373,R2,FALSE,TRUE,0,0,0,1,0,FALSE,FALSE,0,0,0,0,0,0,0,0,TRUE,P,FALSE,0,0,3,NA,,"Coral intake stuck in robot + tippy, okish defense"
JY,22,R2,1731,R2,FALSE,TRUE,0,0,0,1,0,TRUE,FALSE,0,0,0,0,0,0,0,0,TRUE,P,FALSE,0,0,3,NA,,"defense, coral may have gotten stuck o just faile"
SR,23,R1,1086,R2,FALSE,TRUE,0,0,0,1,0,TRUE,FALSE,0,0,1,1,0,0,0,0,FALSE,P,FALSE,0,0,3,NA,,
YR,23,B3,1895,R2,FALSE,TRUE,0,0,0,0,0,TRUE,FALSE,0,0,0,0,0,0,2,0,FALSE,P,FALSE,0,0,3,NA,,
JY,23,R2,3258,R1,FALSE,TRUE,0,0,0,0,0,FALSE,FALSE,0,0,0,4,0,0,0,0,FALSE,P,FALSE,0,0,3,NA,,Kitbot
RL,23,B1,1522,R1,FALSE,TRUE,0,0,0,0,0,TRUE,FALSE,0,0,1,1,0,1,0,0,FALSE,No,FALSE,0,0,2,NA,,"Elevator slow asf, wobbly in all directions"
SZ,23,B2,3361,R1,FALSE,FALSE,0,0,0,0,0,FALSE,FALSE,0,0,0,0,0,0,0,0,FALSE,P,FALSE,0,0,4,NA,,Attempted defense?
WR,23,R3,9003,,FALSE,TRUE,0,0,0,0,0,FALSE,FALSE,0,0,0,0,0,0,6,0,FALSE,P,FALSE,0,0,2,NA,,
JY,24,R2,4286,R1,FALSE,FALSE,0,0,0,0,0,FALSE,FALSE,0,0,0,0,0,0,0,0,FALSE,No,FALSE,0,0,2,NA,,
SR,24,R1,404,R3,FALSE,TRUE,0,0,0,0,0,TRUE,FALSE,0,0,4,0,0,0,0,0,FALSE,No,FALSE,0,0,1,NA,,
WR,24,R3,404,,FALSE,TRUE,0,0,0,0,0,TRUE,FALSE,3,0,4,0,0,0,0,0,FALSE,No,FALSE,0,0,4,NA,,
SZ,24,B2,10257,R2,FALSE,TRUE,0,0,0,0,0,TRUE,FALSE,0,0,1,0,0,0,0,0,FALSE,P,FALSE,0,0,4,NA,,
YR,24,B3,346,R3,FALSE,TRUE,0,0,0,0,0,FALSE,FALSE,0,0,0,0,0,0,6,0,FALSE,P,FALSE,0,0,1,NA,,
RL,24,B1,339,R3,FALSE,TRUE,0,0,0,0,0,FALSE,FALSE,0,0,0,0,0,0,0,0,FALSE,No,FALSE,0,0,2,NA,,
YR,25,B3,449,R1,FALSE,TRUE,0,0,0,2,0,TRUE,FALSE,0,0,0,0,5,3,2,0,FALSE,P,FALSE,0,0,4,NA,,
WR,25,R3,1262,,FALSE,TRUE,0,0,0,0,0,TRUE,FALSE,0,0,0,0,2,0,0,0,FALSE,No,FALSE,0,0,2,NA,,
SZ,25,B2,2106,R3,FALSE,TRUE,0,0,0,2,0,FALSE,FALSE,0,0,0,5,0,2,0,0,FALSE,P,FALSE,0,0,5,NA,,
SR,25,R1,540,R2,FALSE,FALSE,0,0,0,0,0,FALSE,FALSE,0,0,0,0,2,1,0,0,FALSE,No,FALSE,0,0,2,NA,,
RL,25,B1,9214,R2,FALSE,TRUE,0,0,0,0,0,FALSE,FALSE,0,0,0,0,0,0,0,0,FALSE,P,FALSE,0,0,2,NA,,
JY,25,R2,10224,R1,FALSE,TRUE,0,0,0,0,0,FALSE,FALSE,0,0,0,0,0,0,4,0,FALSE,No,FALSE,0,0,3,NA,,
YR,26,B3,3361,R1,FALSE,FALSE,0,0,0,0,0,FALSE,FALSE,0,0,0,0,0,0,0,0,FALSE,P,FALSE,0,0,1,NA,,
SZ,26,B2,1086,R2,FALSE,TRUE,0,0,0,0,0,TRUE,FALSE,0,0,0,0,0,3,0,0,FALSE,P,FALSE,0,0,5,NA,,
JY,26,R2,10370,R3,FALSE,TRUE,0,0,0,0,0,FALSE,FALSE,0,0,0,2,0,0,0,0,FALSE,P,FALSE,0,0,1,NA,,
RL,26,R1,1522,R3,FALSE,TRUE,0,0,0,0,0,FALSE,FALSE,0,0,0,1,0,1,0,0,FALSE,P,FALSE,0,0,3,NA,,
WR,26,R3,10370,,FALSE,FALSE,0,0,0,0,0,FALSE,FALSE,0,0,0,1,0,0,0,0,FALSE,P,FALSE,0,0,1,NA,,
SY,26,B1,617,,FALSE,TRUE,0,0,0,0,0,FALSE,FALSE,0,0,0,0,0,0,0,0,FALSE,P,FALSE,0,0,1,NA,,
SY,27,B1,9709,R1,FALSE,FALSE,0,0,0,0,0,FALSE,FALSE,0,0,0,0,0,1,0,0,FALSE,P,FALSE,0,0,1,NA,,
YR,27,B3,2988,R2,FALSE,FALSE,0,0,0,0,0,FALSE,FALSE,0,0,0,0,0,0,0,0,FALSE,P,FALSE,0,0,3,NA,,
JY,27,R2,3258,R1,FALSE,TRUE,0,0,0,0,0,FALSE,FALSE,0,0,0,3,0,0,0,0,FALSE,P,FALSE,0,0,1,NA,,
WR,27,R3,1599,,FALSE,TRUE,0,0,0,0,0,TRUE,FALSE,0,0,0,0,1,0,0,0,TRUE,P,FALSE,0,0,2,NA,,
SZ,27,B2,3373,R3,FALSE,TRUE,0,0,0,0,0,FALSE,FALSE,0,0,0,0,0,0,2,0,TRUE,D,FALSE,0,0,5,NA,,
RL,27,R1,4505,R2,FALSE,TRUE,0,0,0,0,0,FALSE,FALSE,0,0,0,1,0,0,0,0,FALSE,P,FALSE,0,0,3,NA,,
JY,28,R2,6326,R3,FALSE,TRUE,0,0,0,0,0,FALSE,FALSE,0,0,0,0,0,0,0,0,FALSE,P,FALSE,0,0,4,NA,,
SBS,28,B1,8592,R3,FALSE,TRUE,0,0,0,1,0,TRUE,FALSE,1,0,0,0,0,2,5,0,TRUE,P,FALSE,0,0,4,NA,,
WR,28,R3,6326,R3,FALSE,TRUE,0,0,0,0,0,FALSE,FALSE,0,0,0,0,0,0,0,0,TRUE,No,FALSE,0,0,4,NA,,
SZ,28,B2,6802,R1,FALSE,TRUE,0,0,0,0,0,FALSE,FALSE,0,0,0,1,0,0,0,0,TRUE,D,FALSE,0,0,4,NA,,
RL,28,R1,614,R2,FALSE,TRUE,1,0,0,0,0,TRUE,TRUE,0,0,2,7,1,0,0,0,FALSE,No,FALSE,0,0,3,NA,,
SZ,29,B2,617,R3,TRUE,FALSE,0,0,0,0,0,FALSE,FALSE,0,0,0,0,0,0,0,0,FALSE,No,FALSE,0,0,3,NA,,
WR,29,R3,9003,R3,FALSE,TRUE,0,0,0,0,0,TRUE,FALSE,0,1,1,0,0,0,0,0,TRUE,P,FALSE,0,0,3,NA,,
YR,29,B3,1262,R1,FALSE,TRUE,0,0,0,0,0,FALSE,FALSE,0,0,0,0,4,1,0,0,FALSE,P,FALSE,0,0,3,NA,,
SBS,29,B1,1731,R2,FALSE,TRUE,0,0,0,2,0,TRUE,FALSE,0,0,0,0,1,3,5,0,TRUE,D,FALSE,0,0,5,NA,,
JY,29,R2,9003,R3,FALSE,TRUE,0,0,0,0,0,FALSE,TRUE,0,0,1,0,0,0,0,0,FALSE,P,FALSE,0,0,3,NA,,got coral stuck so did ground algae scoring
GL,29,R1,4472,R2,FALSE,TRUE,1,0,0,0,0,TRUE,FALSE,0,0,1,0,0,0,0,0,FALSE,P,FALSE,0,0,2,NA,,Switched to def halfway. Defense>offense slightly
KO,30,R2,2998,R2,FALSE,TRUE,0,0,0,0,0,FALSE,FALSE,0,0,0,7,0,0,0,0,FALSE,No,FALSE,0,0,3,NA,,3 misses
AY,30,R3,3361,R3,FALSE,FALSE,0,0,0,0,0,FALSE,FALSE,0,0,0,0,0,0,0,0,FALSE,P,FALSE,0,0,3,NA,,Tried counter-d
SBS,30,B1,10257,R1,FALSE,TRUE,0,0,0,0,0,FALSE,FALSE,0,0,0,0,0,0,0,0,FALSE,P,FALSE,0,0,1,NA,,"Damaged last match, didn»t recover"
SZ,30,B2,2988,R3,FALSE,TRUE,0,0,0,0,0,FALSE,FALSE,0,0,0,0,0,0,0,0,FALSE,P,FALSE,0,0,4,NA,,Attempted defense?
FL,30,B3,1086,,FALSE,TRUE,0,0,0,0,0,TRUE,FALSE,0,0,0,0,0,2,1,0,FALSE,No,FALSE,0,0,3,NA,,
GL,30,R1,3373,R1,FALSE,TRUE,0,0,0,0,0,FALSE,FALSE,0,0,0,0,0,0,3,0,TRUE,D,TRUE,0,0,3,NA,,Climb time is long (arguably cutting cycling)
FL,31,B3,4286,R2,TRUE,FALSE,0,0,0,0,0,FALSE,FALSE,0,0,0,0,0,0,0,0,FALSE,No,FALSE,0,0,3,NA,,
LJ,31,R1,539,R2,FALSE,TRUE,0,0,0,0,0,FALSE,TRUE,0,0,2,1,0,0,0,0,FALSE,No,FALSE,0,0,4,NA,,"Intake jammed, parked early"
RX,31,B2,3258,R3,FALSE,TRUE,0,0,0,0,0,FALSE,FALSE,0,0,0,3,0,0,0,0,FALSE,P,FALSE,0,0,3,NA,,
KO,31,R2,6802,R1,FALSE,TRUE,0,0,0,0,0,FALSE,FALSE,0,0,0,0,0,0,2,0,TRUE,D,TRUE,0,0,4,NA,,Wobbly intake
AZ,31,R3,10224,R3,FALSE,TRUE,0,0,0,0,0,TRUE,FALSE,0,0,0,0,0,2,4,0,FALSE,P,FALSE,0,0,2,NA,,Missed 2 corals
SR,31,B1,10370,R1,FALSE,TRUE,0,0,0,0,0,FALSE,FALSE,0,0,0,2,0,0,0,0,FALSE,P,FALSE,0,0,2,NA,,Got stuck on an algae and smashed into the cages
SBS,32,B1,6326,R2,FALSE,TRUE,0,0,0,0,0,FALSE,FALSE,0,0,0,0,0,0,0,0,FALSE,P,FALSE,0,0,3,NA,,Defense all game on 2106
SZ,32,B2,449,R3,FALSE,TRUE,0,0,0,2,0,TRUE,FALSE,0,0,0,0,2,5,8,0,FALSE,P,FALSE,0,0,5,NA,,Coral got stuck on robot
RX,32,R1,4505,R3,FALSE,TRUE,0,0,0,0,0,FALSE,FALSE,0,0,0,0,0,0,3,0,FALSE,P,FALSE,0,0,4,NA,,Coral got stuck on robot
"KO, AY",32,R2,2106,R1,FALSE,TRUE,0,0,0,1,0,TRUE,FALSE,0,0,1,0,0,1,5,0,TRUE,P,FALSE,0,0,5,NA,,No Card
WR,32,R3,614,R2,FALSE,TRUE,4,0,0,0,0,FALSE,FALSE,0,0,0,0,0,0,0,0,FALSE,No,FALSE,0,0,3,NA,,
FL,32,B3,9709,R1,FALSE,TRUE,0,0,0,0,0,TRUE,FALSE,0,0,0,0,0,2,0,0,FALSE,P,FALSE,0,0,3,NA,,
KO,33,R2,8592,R3,FALSE,TRUE,0,0,0,0,0,TRUE,FALSE,0,0,0,0,2,4,3,0,TRUE,D,TRUE,0,0,5,NA,,
WR,33,R3,1895,R2,FALSE,TRUE,0,0,0,0,0,FALSE,FALSE,0,0,0,2,0,1,1,0,TRUE,P,FALSE,0,0,3,NA,,
FL,33,B3,540,R1,FALSE,TRUE,0,0,0,0,0,FALSE,FALSE,0,0,0,0,3,2,0,0,FALSE,No,FALSE,0,0,4,NA,,Consistent
SBS,33,B1,5724,R2,FALSE,TRUE,0,0,0,0,0,TRUE,TRUE,0,0,2,0,0,0,0,0,FALSE,P,FALSE,0,0,2,NA,,Near the end coral got stuck in bot
SZ,33,B2,346,R3,FALSE,TRUE,1,0,0,0,0,FALSE,FALSE,0,0,0,0,0,0,6,0,TRUE,P,TRUE,0,0,5,NA,,Coral fell out of intake into robot
RX,33,R1,4472,R1,FALSE,FALSE,0,0,0,0,0,TRUE,FALSE,0,0,2,0,2,0,0,0,FALSE,P,FALSE,0,0,2,NA,,
KO,34,R2,1731,R2,FALSE,TRUE,0,0,0,1,0,TRUE,FALSE,0,0,0,1,0,1,5,0,TRUE,D,TRUE,0,0,5,NA,,
WR,34,R3,339,R2,FALSE,TRUE,0,0,0,0,0,TRUE,FALSE,0,0,0,0,3,0,0,0,TRUE,P,FALSE,0,0,2,NA,,
RX,34,R1,5804,R3,FALSE,FALSE,0,0,0,0,0,TRUE,FALSE,0,0,0,0,0,3,1,0,FALSE,P,FALSE,0,0,3,NA,,
SZ,34,B2,1599,R1,FALSE,TRUE,1,0,0,0,0,TRUE,FALSE,0,0,0,0,0,2,0,0,TRUE,P,FALSE,0,0,4,NA,,Missed intake a lot
SBS,34,B1,404,R2,FALSE,TRUE,0,0,0,0,0,TRUE,TRUE,0,0,7,0,0,0,0,0,FALSE,No,FALSE,0,0,4,NA,,Last algae went thru the sensor after buzzer
FL,34,B3,1522,R3,FALSE,TRUE,0,0,0,0,0,FALSE,FALSE,0,0,0,2,0,1,0,0,FALSE,P,FALSE,0,0,3,NA,,Got coral stuck on frame
RX,35,R1,10257,R3,FALSE,TRUE,0,0,0,0,0,FALSE,FALSE,0,0,0,0,0,0,0,0,FALSE,P,FALSE,0,0,2,NA,,Hung for 20s
WR,35,R3,6802,R1,FALSE,TRUE,0,0,0,0,0,FALSE,FALSE,0,0,0,0,0,0,3,0,TRUE,D,TRUE,0,0,3,NA,,Hung for 20s
SBS,35,B1,4286,R2,FALSE,TRUE,0,0,0,0,0,FALSE,FALSE,0,0,0,0,0,0,0,0,FALSE,No,FALSE,0,0,2,NA,,Parked at the algae station for the whole match
RS,35,B3,3373,R3,FALSE,TRUE,0,0,0,0,0,FALSE,FALSE,0,0,0,0,0,0,0,0,TRUE,D,TRUE,0,0,2,NA,,"Coral stuck, no defense, spent all match climbing"
AZ,35,R2,3361,R2,FALSE,FALSE,0,0,0,0,0,TRUE,FALSE,0,0,0,0,0,0,0,0,FALSE,P,FALSE,0,0,1,NA,,"Didn»t do anything, tried to remove algae and fail"
SZ,35,B2,1262,R1,FALSE,TRUE,0,0,0,0,0,TRUE,FALSE,0,0,0,0,3,2,0,0,FALSE,P,FALSE,0,0,5,NA,,
WR,36,R3,4472,R1,FALSE,TRUE,0,0,0,0,0,TRUE,FALSE,2,1,3,0,2,0,0,0,TRUE,P,FALSE,0,0,3,NA,,kind of slow
SZ,36,B2,9214,R2,FALSE,TRUE,0,0,0,0,0,TRUE,FALSE,0,0,0,1,1,2,0,0,FALSE,P,FALSE,0,0,4,NA,,kind of slow
YZ,36,R1,10370,R1,FALSE,TRUE,0,0,0,0,0,FALSE,FALSE,0,0,0,5,0,0,0,0,FALSE,P,FALSE,0,0,2,NA,,Went for L1 then defense
RS,36,B3,6326,R1,FALSE,TRUE,0,0,0,0,0,FALSE,FALSE,0,0,0,0,0,0,0,0,FALSE,P,FALSE,0,0,3,NA,,Defense all game.
BH,36,B1,539,,FALSE,TRUE,1,0,0,0,0,FALSE,FALSE,0,0,0,7,0,0,0,0,FALSE,No,FALSE,0,0,3,NA,,
RN,36,R2,5724,R2,FALSE,TRUE,0,0,0,0,0,FALSE,FALSE,0,0,3,0,1,0,0,0,FALSE,P,FALSE,0,0,2,NA,,
YZ,37,R1,10224,R1,FALSE,TRUE,0,0,0,0,0,FALSE,FALSE,0,0,0,0,1,1,5,0,FALSE,P,FALSE,0,0,3,NA,,Trouble loading
SY,37,R2,9709,R2,FALSE,TRUE,0,0,0,0,0,TRUE,FALSE,0,0,0,0,0,0,0,0,FALSE,P,FALSE,0,0,2,NA,,Trouble loading
SZ,37,B2,1731,R2,FALSE,TRUE,0,0,0,1,0,FALSE,FALSE,0,0,0,0,1,2,3,0,TRUE,D,FALSE,0,0,5,NA,,
BH,37,B1,8592,R1,FALSE,TRUE,0,0,0,0,0,TRUE,FALSE,0,0,0,0,3,3,3,0,TRUE,D,FALSE,0,0,3,NA,,No Card
RS,37,B3,2106,R2,FALSE,TRUE,1,0,0,1,0,FALSE,FALSE,0,0,0,0,1,0,1,0,TRUE,P,TRUE,0,0,3,NA,,"Tried L1, failed >8 times."
WR,37,R3,339,R2,FALSE,TRUE,0,1,0,0,0,FALSE,FALSE,0,0,0,0,1,2,0,0,FALSE,No,FALSE,0,0,1,NA,,
YZ,38,R1,9003,R2,FALSE,TRUE,0,0,0,0,0,TRUE,FALSE,0,0,0,0,0,0,2,0,FALSE,No,FALSE,0,0,2,NA,,Needs very precise positioning for intake
SZ,38,B2,1086,R2,FALSE,TRUE,0,0,0,0,0,FALSE,FALSE,0,0,0,0,1,5,0,0,FALSE,No,FALSE,0,0,5,NA,,
Frank,38,R3,1599,R3,FALSE,TRUE,0,0,0,0,0,TRUE,FALSE,0,0,0,0,0,2,0,0,TRUE,D,TRUE,0,0,2,NA,,Extra slow but deep climb cool. Human player :(
SY,38,R2,540,R1,FALSE,FALSE,0,0,0,0,0,FALSE,FALSE,0,0,0,0,3,3,0,0,FALSE,P,FALSE,0,0,3,NA,,"Good cycle, no L4, semi-inconsistent feed"
BH,38,B1,4505,R3,FALSE,TRUE,0,0,0,1,0,FALSE,FALSE,0,0,0,0,0,0,2,0,FALSE,P,FALSE,0,0,2,NA,,Inconsistent
RS,38,B3,404,R1,FALSE,TRUE,0,0,0,0,0,FALSE,FALSE,0,0,5,0,0,0,0,0,FALSE,No,FALSE,0,0,4,NA,,Took from reef. No opp. human player
YZ,39,R1,2988,R2,FALSE,TRUE,0,0,0,0,0,FALSE,FALSE,0,0,0,0,0,0,0,0,FALSE,No,FALSE,0,0,2,NA,,Defense
SY,39,R2,449,R1,FALSE,TRUE,0,0,0,1,0,TRUE,FALSE,0,0,0,0,1,2,7,0,FALSE,P,FALSE,0,0,5,NA,,Motor issue for L4 :(
SZ,39,B2,5804,R2,FALSE,TRUE,0,0,0,0,0,FALSE,FALSE,0,0,0,1,3,0,3,0,FALSE,P,FALSE,0,0,5,NA,,
BH,39,B1,1522,R1,FALSE,TRUE,0,0,0,0,0,TRUE,FALSE,0,0,0,0,0,6,0,0,FALSE,P,FALSE,0,0,3,NA,,Really good at algae removal
ADK,39,B3,346,R3,FALSE,TRUE,0,0,0,1,0,FALSE,FALSE,0,0,0,0,0,0,6,0,FALSE,P,FALSE,0,0,2,NA,,Intake was unreliable
Frank,39,R3,3258,R3,FALSE,TRUE,0,0,0,0,0,FALSE,FALSE,0,0,0,3,0,0,0,0,FALSE,P,FALSE,0,0,1,NA,,How miss L1 four times. Que paso?
AW,40,R3,617,R3,FALSE,FALSE,0,0,0,0,0,FALSE,FALSE,0,0,0,0,0,0,0,0,FALSE,No,FALSE,0,0,1,NA,,"Didn't try to pick up anything, or defend"
YZ,40,R1,6802,R1,FALSE,TRUE,0,0,0,0,0,FALSE,FALSE,0,0,0,0,0,0,2,0,TRUE,D,FALSE,0,0,2,NA,,
SZ,40,B2,1262,R1,FALSE,TRUE,0,0,0,0,0,FALSE,FALSE,0,0,0,0,5,4,0,0,FALSE,P,FALSE,0,0,5,NA,,
ADK,40,B3,1895,R3,FALSE,TRUE,0,0,0,0,0,TRUE,FALSE,0,0,0,0,0,0,4,0,FALSE,P,FALSE,0,0,2,NA,,"Very wobbly, might tip over"
BH,40,B1,2998,R2,FALSE,TRUE,0,0,0,0,0,FALSE,FALSE,0,0,0,2,0,0,0,0,FALSE,P,FALSE,0,0,3,NA,,
Frank,40,R2,614,R2,FALSE,TRUE,0,0,0,0,0,TRUE,TRUE,0,0,2,0,2,0,0,0,FALSE,No,FALSE,0,0,2,NA,,"Stuck coral, didn't see the starting pos"
ADK,41,B3,1086,R2,FALSE,TRUE,0,0,0,1,0,TRUE,FALSE,0,0,1,1,2,0,1,0,FALSE,No,FALSE,0,0,3,NA,,
BH,41,B1,339,R1,FALSE,TRUE,0,1,0,0,0,FALSE,FALSE,0,0,0,0,2,1,0,0,FALSE,No,FALSE,0,0,3,NA,,
Frank,41,R2,9709,R3,FALSE,TRUE,0,0,0,0,0,TRUE,FALSE,0,0,0,1,0,0,0,0,FALSE,P,FALSE,0,0,2,NA,,Bad human player. Eh driving really slow ngl
YZ,41,R1,10257,R1,FALSE,TRUE,0,0,0,0,0,FALSE,TRUE,0,0,1,0,0,0,0,0,FALSE,P,FALSE,0,0,1,NA,,Coral intake was41391t really working
AW,41,R3,539,R2,FALSE,TRUE,0,0,0,0,0,FALSE,TRUE,0,0,0,6,0,0,0,0,FALSE,P,FALSE,0,0,4,NA,,"Tried to algae processor, could41391t"
RL,41,B2,540,R1,FALSE,TRUE,0,0,0,0,0,FALSE,FALSE,0,0,0,1,1,4,0,0,FALSE,No,FALSE,0,0,4,NA,,Speedy but indecisive driver
ADK,42,B3,4505,R2,FALSE,TRUE,0,0,0,0,0,FALSE,FALSE,0,0,0,0,0,0,3,0,FALSE,No,FALSE,0,0,2,NA,,Missed a lot of attempted shots
YZ,42,R1,5724,R1,FALSE,TRUE,0,0,0,0,0,FALSE,FALSE,0,0,0,0,0,0,0,0,FALSE,No,FALSE,0,0,3,NA,,Disconnected/disabled
YZ,43,R1,617,R1,FALSE,FALSE,0,0,0,0,0,FALSE,FALSE,0,0,0,0,0,0,0,0,FALSE,P,FALSE,0,0,3,NA,,Disabled
ADK,43,B3,8592,R2,FALSE,TRUE,0,0,0,1,0,TRUE,FALSE,1,0,0,0,3,4,5,0,TRUE,P,FALSE,0,0,3,NA,,
AW,43,R3,1599,R3,FALSE,FALSE,0,0,0,0,0,TRUE,FALSE,0,0,0,0,0,1,1,0,FALSE,P,FALSE,0,0,3,NA,,Got a piece of coral stuck in it
Frank,43,R2,2998,R2,FALSE,TRUE,1,0,0,0,0,FALSE,FALSE,0,0,0,5,0,0,0,0,FALSE,No,FALSE,0,0,3,NA,,
SZ,43,B2,3258,R2,FALSE,TRUE,0,0,0,0,0,FALSE,FALSE,0,0,0,3,0,0,0,0,FALSE,P,FALSE,0,0,5,NA,,Kitbot
BH,43,B1,3361,R3,FALSE,TRUE,0,0,0,0,0,TRUE,FALSE,0,0,0,0,0,0,0,0,FALSE,P,FALSE,0,0,3,NA,,Broken / ineffective correl intake method
SZ,44,B2,1895,R2,FALSE,TRUE,0,0,0,0,0,TRUE,FALSE,0,0,0,0,0,0,5,0,FALSE,P,FALSE,0,0,5,NA,,Kind of slow
AW,44,R3,2106,R3,FALSE,TRUE,0,0,0,1,0,FALSE,FALSE,0,0,0,0,0,2,3,0,TRUE,P,FALSE,0,0,4,NA,,A bit shaky
YZ,44,R1,5804,R1,FALSE,TRUE,0,0,0,0,0,FALSE,FALSE,0,0,0,0,5,2,0,0,FALSE,P,FALSE,0,0,3,NA,,Intake does41391t hold onto coral very well
ADK,44,B3,10370,R1,FALSE,TRUE,0,0,0,0,0,FALSE,FALSE,0,0,0,5,0,0,0,0,FALSE,P,FALSE,0,0,3,NA,,
RL,44,R2,404,R2,FALSE,TRUE,0,0,0,0,0,TRUE,FALSE,0,0,4,0,0,0,0,0,FALSE,P,FALSE,0,0,3,NA,,Scored 2 in blue processor ??? Forced coopertition
BH,44,B1,6326,R3,FALSE,TRUE,0,0,0,0,0,FALSE,FALSE,0,0,0,0,0,0,0,0,FALSE,P,FALSE,0,0,3,NA,,Amazing defense worth around 3 L4 in my opinion
AW,45,R3,4472,R2,FALSE,TRUE,0,0,0,0,0,TRUE,FALSE,0,0,2,0,1,4,0,0,FALSE,P,FALSE,0,0,4,NA,,Nice algae
BH,45,B1,9003,R1,FALSE,TRUE,0,0,0,0,0,FALSE,FALSE,0,0,0,0,4,2,2,0,FALSE,P,FALSE,0,0,3,NA,,
YZ,45,R1,4286,R3,TRUE,FALSE,0,0,0,0,0,FALSE,FALSE,0,0,0,0,0,0,0,0,FALSE,No,FALSE,0,0,3,NA,,Was taken off the field
Frank,45,B2,449,R3,FALSE,TRUE,0,0,0,0,0,FALSE,FALSE,0,0,0,0,8,0,0,0,FALSE,P,TRUE,0,0,4,NA,,Cooked. But good try.
AZ,45,R2,4472,R2,FALSE,TRUE,0,0,0,0,0,FALSE,FALSE,0,0,0,0,0,4,0,0,FALSE,P,FALSE,0,0,3,NA,,
ADK,45,B3,1522,R2,FALSE,TRUE,0,0,0,0,0,TRUE,FALSE,0,0,2,0,0,4,0,0,FALSE,P,FALSE,0,0,3,NA,,
ADK,46,B3,614,R2,FALSE,TRUE,1,0,0,0,0,FALSE,TRUE,0,0,3,5,0,0,0,0,FALSE,P,FALSE,0,0,2,NA,,
AW,46,R3,3373,R3,FALSE,TRUE,0,0,0,0,0,FALSE,FALSE,0,0,0,0,0,1,2,0,TRUE,P,FALSE,0,0,3,NA,,Poor balance
YZ,46,R1,1731,R1,FALSE,TRUE,0,0,0,2,0,FALSE,FALSE,0,0,0,0,0,3,4,0,TRUE,D,FALSE,0,0,4,NA,,Multiple corals knocked out by defense
BH,46,B1,346,R3,FALSE,TRUE,0,0,0,1,0,FALSE,FALSE,0,0,0,0,0,0,0,0,FALSE,P,FALSE,0,0,3,NA,,An algae got stuck they dealt with great Defense
AZ,46,R2,10257,R2,FALSE,TRUE,0,0,0,0,0,FALSE,TRUE,0,0,0,0,0,0,0,0,FALSE,P,FALSE,0,0,1,NA,,"Really weird driving, tried to defend the defense?"
SZ,46,B2,8592,R1,FALSE,TRUE,0,0,0,1,0,TRUE,FALSE,0,0,0,0,0,5,5,0,TRUE,D,FALSE,0,0,5,NA,,woah!!
AW,47,R3,9214,R2,FALSE,TRUE,1,0,0,0,0,TRUE,FALSE,0,0,0,0,1,3,0,0,FALSE,No,FALSE,0,0,2,NA,,Na
YZ,47,R1,3258,R1,FALSE,TRUE,0,0,0,0,0,FALSE,FALSE,0,0,0,3,0,0,0,0,FALSE,P,FALSE,0,0,2,NA,,
SZ,47,B2,339,R1,FALSE,TRUE,0,0,0,0,0,FALSE,FALSE,0,0,0,0,1,1,0,0,FALSE,No,FALSE,0,0,4,NA,,Dropped coral a lot
ADK,47,B3,539,R2,FALSE,TRUE,1,0,0,0,0,FALSE,TRUE,0,0,2,2,0,0,0,0,FALSE,P,FALSE,0,0,2,NA,,Dropped a lot while intaking
BH,47,B1,1262,R3,FALSE,TRUE,0,0,0,0,0,TRUE,FALSE,0,0,0,0,1,3,0,0,FALSE,P,FALSE,0,0,3,NA,,Great at algae cannot do L4
KO,47,R2,1895,R3,FALSE,TRUE,0,0,0,0,0,TRUE,FALSE,0,0,0,0,0,0,4,0,FALSE,No,FALSE,0,0,4,NA,,Wobbly intake
YZ,48,R1,9003,R2,FALSE,TRUE,0,0,0,0,0,FALSE,FALSE,0,0,0,0,0,4,3,0,FALSE,P,FALSE,0,0,4,NA,,
BH,48,B1,540,R3,FALSE,TRUE,0,0,0,0,0,TRUE,FALSE,0,0,0,0,2,7,0,0,FALSE,No,FALSE,0,0,3,NA,,
ADK,48,B3,4286,R2,TRUE,FALSE,0,0,0,0,0,FALSE,FALSE,0,0,0,0,0,0,0,0,FALSE,No,FALSE,0,0,3,NA,,
SZ,48,B2,449,R1,FALSE,TRUE,0,0,0,0,0,TRUE,FALSE,0,0,0,0,9,0,0,0,FALSE,P,FALSE,0,0,5,NA,,yippee
AY,48,R2,6326,R1,FALSE,TRUE,0,0,0,0,0,TRUE,FALSE,0,0,0,0,0,0,0,0,FALSE,P,FALSE,0,0,3,NA,,
ADK,49,B3,10224,R1,FALSE,TRUE,0,0,0,0,0,TRUE,FALSE,0,0,2,0,1,0,0,0,FALSE,P,FALSE,0,0,2,NA,,
Frank,49,B2,1731,R3,FALSE,TRUE,0,0,0,3,0,FALSE,FALSE,0,0,0,0,3,5,2,0,TRUE,D,TRUE,0,0,5,NA,,
FL,49,B1,404,R2,FALSE,TRUE,0,0,0,0,0,TRUE,TRUE,0,0,5,0,0,0,0,0,FALSE,P,FALSE,0,0,3,NA,,
AW,49,R2,1086,R2,FALSE,FALSE,0,0,0,0,0,TRUE,FALSE,0,0,1,0,2,3,0,0,FALSE,No,FALSE,0,0,3,NA,,
FL,50,B1,2988,R3,FALSE,TRUE,0,0,0,0,0,FALSE,FALSE,0,0,0,0,0,0,0,0,FALSE,P,FALSE,0,0,2,NA,,
Frank,50,B2,4505,R2,FALSE,TRUE,1,0,0,0,0,FALSE,FALSE,0,0,0,1,0,1,2,0,FALSE,No,FALSE,0,0,3,NA,,
AW,50,R2,617,,FALSE,FALSE,0,0,0,0,0,FALSE,FALSE,0,0,0,0,0,0,0,0,FALSE,No,FALSE,0,0,3,NA,,
JY,50,R3,1522,R3,FALSE,FALSE,0,0,0,0,0,TRUE,FALSE,0,0,1,0,0,3,0,0,TRUE,P,FALSE,0,0,3,NA,,
ADK,50,B3,5724,R1,FALSE,TRUE,0,0,0,0,0,TRUE,TRUE,0,0,3,0,1,0,0,0,FALSE,P,FALSE,0,0,2,NA,,
AW,51,R2,10370,R1,FALSE,TRUE,0,0,0,0,0,FALSE,FALSE,0,0,0,1,0,0,0,0,FALSE,P,FALSE,0,0,2,NA,,
FL,51,B1,1599,R3,FALSE,FALSE,0,0,0,0,0,TRUE,FALSE,0,0,0,0,1,3,0,0,TRUE,D,FALSE,0,0,2,NA,,
ADK,51,B3,5804,R1,FALSE,TRUE,0,0,0,0,0,FALSE,FALSE,0,0,0,0,0,3,0,0,FALSE,P,FALSE,0,0,2,NA,,
Frank,51,B2,4472,R2,FALSE,TRUE,0,0,0,0,0,TRUE,FALSE,0,0,2,1,2,0,0,0,FALSE,P,FALSE,0,0,3,NA,,
JY,51,R3,2998,R3,FALSE,TRUE,0,0,0,0,0,FALSE,FALSE,0,0,0,11,0,0,0,0,FALSE,No,FALSE,0,0,4,NA,,
FL,52,B1,3258,R3,FALSE,TRUE,0,0,0,0,0,FALSE,FALSE,0,0,0,5,0,0,0,0,FALSE,P,FALSE,0,0,3,NA,,Kept trying to score coral and failing
AW,52,R2,9003,R1,FALSE,TRUE,0,0,0,0,0,TRUE,FALSE,0,0,0,2,3,1,1,0,FALSE,P,FALSE,0,0,4,NA,,Pretty slow also I don?t owe Jeffery ji skittles
Frank,52,B2,6326,R1,FALSE,TRUE,0,0,0,0,0,FALSE,FALSE,0,0,0,0,0,0,0,0,FALSE,No,FALSE,0,0,1,NA,,Probably no opposite side reef
ADK,52,B3,3373,,FALSE,TRUE,0,0,0,0,0,FALSE,FALSE,0,0,0,0,0,0,4,0,TRUE,D,TRUE,0,0,2,NA,,2/5 defense
DK,52,R1,539,R2,FALSE,TRUE,1,0,0,0,0,FALSE,TRUE,0,0,2,4,0,0,0,0,FALSE,P,FALSE,0,0,3,NA,,"decent cycling, slow elevator"
JY,52,R3,8592,R3,FALSE,TRUE,0,0,0,0,0,TRUE,FALSE,0,2,0,0,0,1,3,0,FALSE,No,FALSE,0,0,5,NA,,Dropped a lot while intaking
JY,53,R3,1086,R2,FALSE,TRUE,0,0,0,0,0,FALSE,FALSE,0,0,0,1,3,3,0,0,FALSE,No,FALSE,0,0,4,NA,,
ADK,53,B3,617,R1,FALSE,TRUE,0,0,0,0,0,FALSE,FALSE,0,0,0,0,0,0,0,0,FALSE,No,FALSE,0,0,3,NA,,
FL,53,B1,9709,R2,FALSE,TRUE,0,0,0,0,0,TRUE,FALSE,0,0,0,0,0,1,0,0,FALSE,P,FALSE,0,0,3,NA,,
DK,53,R1,2106,R3,FALSE,TRUE,0,0,0,0,0,FALSE,FALSE,0,0,1,1,1,3,4,0,TRUE,P,FALSE,0,0,4,NA,,
TA,53,B2,4286,R3,FALSE,TRUE,0,0,0,0,0,FALSE,FALSE,0,0,0,0,0,0,0,0,FALSE,P,FALSE,0,0,2,NA,,
AW,53,R2,346,R1,FALSE,TRUE,0,0,0,0,0,TRUE,FALSE,0,0,0,0,1,0,0,0,FALSE,P,FALSE,0,0,2,NA,,
SZ,54,B2,5804,R2,FALSE,TRUE,0,0,0,0,0,FALSE,FALSE,0,0,0,1,1,2,1,0,FALSE,P,FALSE,0,0,5,NA,,
FL,54,B1,10370,R3,FALSE,TRUE,0,0,0,0,0,FALSE,FALSE,0,0,0,6,0,0,0,0,FALSE,P,FALSE,0,0,3,NA,,
Frank,54,R1,1522,R1,FALSE,TRUE,0,0,0,0,0,TRUE,FALSE,0,0,0,2,0,4,0,0,FALSE,No,FALSE,0,0,3,NA,,
ADK,54,B3,10257,R1,FALSE,TRUE,0,0,0,0,0,TRUE,FALSE,0,0,0,0,0,0,0,0,FALSE,No,FALSE,0,0,2,NA,,
JY,54,R3,4472,R2,FALSE,TRUE,0,0,0,0,0,TRUE,FALSE,0,1,0,0,0,0,0,0,FALSE,P,FALSE,0,0,3,NA,,
AW,54,R2,4505,R3,FALSE,TRUE,0,0,0,0,0,FALSE,FALSE,0,0,0,0,0,0,2,0,FALSE,P,FALSE,0,0,3,NA,,
AW,55,R2,6802,R2,FALSE,TRUE,0,0,0,0,0,TRUE,FALSE,0,0,0,0,0,0,0,0,TRUE,P,FALSE,0,0,3,NA,,
SZ,55,B2,1599,R2,FALSE,TRUE,0,0,0,0,0,TRUE,FALSE,0,0,0,1,2,0,0,0,TRUE,D,FALSE,0,0,5,NA,,
Frank,55,R1,449,R1,FALSE,TRUE,0,0,0,2,0,FALSE,FALSE,0,0,0,0,3,2,5,0,FALSE,P,FALSE,0,0,4,NA,,
FL,55,B1,2988,R1,FALSE,TRUE,0,0,0,0,0,FALSE,FALSE,0,0,0,0,0,0,0,0,FALSE,No,FALSE,0,0,3,NA,,
JY,55,R3,1262,R3,FALSE,TRUE,0,0,0,0,0,TRUE,FALSE,0,0,0,0,2,4,0,0,FALSE,P,FALSE,0,0,4,NA,,
ADK,55,B3,1731,R2,FALSE,TRUE,0,0,0,3,0,FALSE,FALSE,0,0,0,0,0,0,7,0,TRUE,P,FALSE,0,0,3,NA,,
FL,56,B1,3361,R2,FALSE,FALSE,0,0,0,0,0,TRUE,FALSE,0,0,0,0,0,0,0,0,FALSE,No,FALSE,0,0,3,NA,,2/5 defense
AW,56,R2,339,R3,FALSE,TRUE,0,0,0,0,0,FALSE,FALSE,0,0,0,0,0,2,0,0,FALSE,No,FALSE,0,0,4,NA,,Na
ADK,56,B3,540,R1,FALSE,TRUE,0,0,0,0,0,TRUE,FALSE,0,0,0,0,6,5,0,0,FALSE,No,FALSE,0,0,3,NA,,
Frank,56,R1,2998,R2,FALSE,TRUE,1,0,0,0,0,FALSE,FALSE,0,0,0,7,0,0,0,0,FALSE,P,FALSE,0,0,3,NA,,L1 main. Kinda basic af.
JY,56,R3,5724,R1,FALSE,TRUE,0,0,0,0,0,TRUE,FALSE,0,0,2,0,1,0,0,0,FALSE,P,FALSE,0,0,3,NA,,"flimsy arm, unreliable transfer, handles algae"
JJ,56,B2,9214,R2,FALSE,TRUE,0,0,0,0,0,FALSE,FALSE,0,0,0,0,3,2,0,0,FALSE,No,FALSE,0,0,2,NA,,Auto ran into the barge support 
KO,57,R3,10257,R1,FALSE,TRUE,0,0,0,0,0,FALSE,FALSE,0,0,0,0,0,0,0,0,FALSE,P,FALSE,0,0,4,NA,,Decent defense on far side
AY,57,B1,10224,R3,FALSE,TRUE,0,0,0,0,0,TRUE,FALSE,0,0,0,1,0,5,0,0,FALSE,P,FALSE,0,0,3,NA,,Bad L4
AW,57,R2,404,R3,FALSE,TRUE,0,0,0,0,0,TRUE,FALSE,0,0,7,0,0,0,0,0,FALSE,No,FALSE,0,0,5,NA,,Na
ADK,57,B3,9003,R1,FALSE,TRUE,0,0,0,0,0,TRUE,FALSE,0,0,0,0,0,0,5,0,TRUE,P,FALSE,0,0,2,NA,,Slow scorer
AZ,57,B2,614,R2,FALSE,TRUE,1,0,0,0,0,TRUE,TRUE,2,0,0,5,0,0,0,0,FALSE,P,FALSE,0,0,4,NA,,No elevator; sticked to floor
DK,57,R1,1895,R2,FALSE,TRUE,0,0,0,0,0,FALSE,FALSE,0,0,0,1,0,0,5,0,FALSE,P,FALSE,0,0,2,NA,,Hella slow; mid but L4 main; wobbly manip; 
AY,58,B1,6802,R3,FALSE,TRUE,0,0,0,0,0,TRUE,FALSE,0,0,0,0,0,1,3,0,FALSE,D,TRUE,0,0,3,NA,,"Good deep climb, bad cycle"
SZ,58,B2,10370,R1,FALSE,TRUE,0,0,0,0,0,FALSE,FALSE,0,0,0,2,0,0,0,0,FALSE,P,FALSE,0,0,4,NA,,"Played defense second half, not that great at it"
KO,58,R3,2988,R1,FALSE,TRUE,0,0,0,0,0,FALSE,FALSE,0,0,0,0,0,0,0,0,FALSE,No,FALSE,0,0,2,NA,,"Bad D, died 75s into teleop "
AW,58,R2,8592,R3,FALSE,TRUE,0,0,0,0,0,TRUE,FALSE,0,0,0,0,0,4,2,0,FALSE,P,FALSE,0,0,4,NA,,Aligning wasn?t working well
ADK,58,B3,2106,R2,FALSE,TRUE,0,0,0,1,0,TRUE,FALSE,0,0,0,0,0,2,8,0,FALSE,P,FALSE,0,0,4,NA,,Choose not to go for climb
DK,58,R1,1262,R2,FALSE,TRUE,0,0,0,0,0,FALSE,FALSE,0,0,0,0,2,1,0,0,FALSE,P,FALSE,0,0,1,NA,,Inefficient coral intake; main L1-3
DK,59,R1,6326,R2,FALSE,TRUE,0,0,0,0,0,FALSE,FALSE,0,0,0,0,0,0,0,0,FALSE,P,FALSE,0,0,4,NA,,Mid Defense
AW,59,R2,5724,R1,FALSE,TRUE,0,0,0,0,0,TRUE,FALSE,0,0,0,0,1,1,0,0,FALSE,P,FALSE,0,0,2,NA,,Na
AY,59,B1,9709,R3,FALSE,TRUE,0,0,0,0,0,TRUE,FALSE,0,0,0,0,0,1,0,0,FALSE,P,FALSE,0,0,2,NA,,Played defense in middle
KO,59,R3,1522,R3,FALSE,TRUE,0,0,0,0,0,TRUE,FALSE,0,0,0,1,0,5,0,0,FALSE,P,FALSE,0,0,3,NA,,Slow elevator
ES,59,B3,617,R1,FALSE,TRUE,0,0,0,0,0,FALSE,FALSE,0,0,0,0,4,6,0,0,FALSE,No,FALSE,0,0,3,NA,,Good at l3&2 very consistent all other aspects mid
SZ,59,B2,2998,R2,FALSE,TRUE,0,0,0,0,0,FALSE,FALSE,0,0,0,6,0,0,0,0,FALSE,No,FALSE,0,0,4,NA,,Robot couldn?t move well sometimes
KO,60,R3,346,R1,FALSE,TRUE,0,0,0,1,0,FALSE,FALSE,0,0,0,0,0,0,2,0,FALSE,P,FALSE,0,0,4,NA,,Intake broke
SZ,60,B2,3361,R3,FALSE,TRUE,0,0,0,0,0,FALSE,FALSE,0,0,0,0,0,0,0,0,FALSE,P,FALSE,0,0,4,NA,,"Got pushed in auto, not great defense"
ES,60,B3,614,,FALSE,TRUE,0,0,0,0,0,FALSE,FALSE,0,0,0,3,2,0,0,0,TRUE,P,FALSE,0,0,3,NA,,Missed l1  ground coral intake
JY,60,R1,3258,R2,FALSE,TRUE,0,0,0,0,0,FALSE,FALSE,0,0,0,3,0,0,0,0,FALSE,P,FALSE,0,0,3,NA,,"kitbot w swerve, L1 only but decent cycling"
AY,60,B1,614,R2,FALSE,TRUE,1,0,0,0,0,TRUE,FALSE,0,0,0,4,2,0,0,0,FALSE,No,FALSE,0,0,3,NA,,N/a
GL,60,R2,539,R3,FALSE,TRUE,1,0,0,0,0,FALSE,FALSE,0,0,0,8,0,0,0,0,FALSE,P,FALSE,0,0,4,NA,,
AY,61,B1,1086,R2,FALSE,TRUE,0,0,0,0,0,FALSE,FALSE,0,0,0,0,1,5,1,0,FALSE,No,FALSE,0,0,4,NA,,
KO,61,R3,4286,R1,FALSE,TRUE,0,0,0,0,0,FALSE,FALSE,0,0,0,0,0,0,0,0,FALSE,P,FALSE,0,0,2,NA,,Parked 30s into teleop
GL,61,R2,4505,R1,FALSE,FALSE,0,0,0,0,0,FALSE,FALSE,0,0,0,0,0,0,0,0,FALSE,No,FALSE,0,0,3,NA,,"Far side, in between 2 bots. "
RL,61,B3,1731,R3,FALSE,TRUE,0,0,0,3,0,TRUE,FALSE,0,0,0,0,4,1,4,0,TRUE,D,FALSE,0,0,4,NA,,"So smooth, so fresta"
AZ,61,B2,1086,R2,FALSE,TRUE,0,0,0,0,0,FALSE,FALSE,0,0,0,1,3,3,1,0,FALSE,P,FALSE,0,0,5,NA,,Bad intake but good driver 
JY,61,R1,9214,R2,FALSE,TRUE,0,0,0,0,0,TRUE,FALSE,0,0,0,0,0,3,0,0,FALSE,No,FALSE,0,0,2,NA,,"slow cycling, VERY NOT TOUCHITOWNIT INTAKE"
KO,62,R3,617,,TRUE,FALSE,0,0,0,0,0,FALSE,FALSE,0,0,0,0,0,0,0,0,FALSE,No,FALSE,0,0,3,NA,,
GL,62,R2,3373,R2,FALSE,TRUE,0,0,0,0,0,FALSE,FALSE,0,0,0,0,0,0,2,0,TRUE,P,FALSE,0,0,3,NA,,Had alignment issue from chute to manip
RL,62,B3,5804,R2,FALSE,TRUE,0,0,0,0,0,FALSE,FALSE,0,0,0,0,3,0,5,0,FALSE,P,FALSE,0,0,4,NA,,"Minor l4 trouble, good overall"
SZ,62,B2,10224,R1,FALSE,TRUE,0,0,0,0,0,TRUE,FALSE,0,0,2,0,0,2,0,0,FALSE,No,FALSE,0,0,5,NA,, 
AY,62,B1,449,R3,FALSE,TRUE,0,0,0,0,0,FALSE,FALSE,0,0,0,0,1,4,8,0,FALSE,P,FALSE,0,0,5,NA,,Fast cycles
JY,62,R1,339,R3,FALSE,TRUE,0,0,0,0,0,FALSE,FALSE,0,0,0,0,5,0,0,0,FALSE,P,FALSE,0,0,3,NA,,unreliable intaking /alignment
GL,63,R2,346,R1,FALSE,TRUE,2,0,0,0,0,FALSE,FALSE,0,0,0,0,0,0,0,0,FALSE,P,FALSE,0,0,3,NA,,"Got algae stuck, played decent defense "
KO,63,R3,3361,R3,FALSE,FALSE,0,0,0,0,0,FALSE,FALSE,0,0,0,0,0,0,0,0,FALSE,P,FALSE,0,0,3,NA,,1 miss; coral stuck 30s into teleop
AY,63,B1,1599,R1,FALSE,TRUE,0,0,0,0,0,FALSE,FALSE,0,0,0,0,2,1,0,0,TRUE,D,TRUE,0,0,2,NA,,
SZ,63,B2,2106,R2,FALSE,TRUE,0,0,0,0,0,TRUE,FALSE,1,0,1,0,0,1,6,0,FALSE,P,FALSE,0,0,5,NA,, 
JY,63,R1,4472,R2,FALSE,TRUE,0,0,0,0,0,TRUE,FALSE,0,0,1,0,0,1,0,0,FALSE,P,FALSE,0,0,3,NA,,slow intake
AZ,63,B3,9709,R2,FALSE,TRUE,0,0,0,0,0,FALSE,FALSE,0,0,0,0,2,2,0,0,FALSE,No,FALSE,0,0,3,NA,,
AY,64,B1,3258,R3,FALSE,TRUE,0,0,0,0,0,FALSE,FALSE,0,0,0,0,0,0,0,0,FALSE,No,FALSE,0,0,4,NA,,Played d
SZ,64,B2,540,R1,FALSE,TRUE,0,0,0,0,0,FALSE,FALSE,0,0,0,0,5,6,0,0,FALSE,No,FALSE,0,0,5,NA,, 
GL,64,R2,1262,R1,FALSE,TRUE,0,0,0,0,0,TRUE,FALSE,0,0,0,0,2,2,0,0,FALSE,No,FALSE,0,0,3,NA,,
KO,64,R3,10370,R3,FALSE,TRUE,0,0,0,0,0,FALSE,FALSE,0,0,0,6,0,0,0,0,FALSE,P,FALSE,0,0,3,NA,,Decent cycle speed 
JY,64,R1,4505,R2,FALSE,FALSE,0,0,0,0,0,FALSE,FALSE,0,0,0,0,0,0,1,0,FALSE,No,FALSE,0,0,2,NA,,unreliable elevator and intake
AZ,64,B3,614,R2,FALSE,TRUE,1,0,0,0,0,TRUE,TRUE,0,0,3,3,0,0,0,0,FALSE,No,FALSE,0,0,3,NA,,Good with algae and l1 coral
KO,65,R3,9214,R2,FALSE,TRUE,0,0,0,0,0,TRUE,FALSE,0,0,0,0,0,2,0,0,FALSE,P,FALSE,0,0,4,NA,,Unsure about L2
JY,65,R1,3373,R1,FALSE,TRUE,0,0,0,0,0,FALSE,FALSE,0,0,0,0,0,0,4,0,TRUE,D,FALSE,0,0,3,NA,,intake and deposit unreliable
AY,65,B1,6802,R3,FALSE,TRUE,0,0,0,0,0,FALSE,FALSE,0,0,0,0,0,0,3,0,TRUE,D,TRUE,0,0,4,NA,,
AW,65,B3,404,R2,FALSE,TRUE,0,0,0,0,0,TRUE,FALSE,0,0,10,0,0,0,0,0,FALSE,No,FALSE,0,0,5,NA,,Na
GL,65,R2,5804,R3,FALSE,TRUE,0,0,0,0,0,FALSE,FALSE,0,0,0,1,3,2,0,0,FALSE,No,FALSE,0,0,3,NA,,None
SZ,65,B2,9003,R1,FALSE,TRUE,0,0,0,0,0,FALSE,FALSE,0,0,0,0,3,4,0,0,FALSE,P,FALSE,0,0,5,NA,,Kind of slow
RX,66,R3,1731,R1,FALSE,TRUE,0,0,0,2,0,TRUE,FALSE,0,0,0,0,0,0,8,0,TRUE,D,TRUE,0,0,5,NA,,Intake broken yet good performance
SZ,66,B2,1895,R2,FALSE,TRUE,1,0,0,0,0,FALSE,FALSE,0,0,0,0,0,0,1,0,FALSE,No,FALSE,0,0,4,NA,,Kind of wobbly
AW,66,B3,2988,R1,FALSE,TRUE,0,0,0,0,0,FALSE,FALSE,0,0,0,0,0,0,0,0,FALSE,No,FALSE,0,0,3,NA,,Defense:2 kept fouling
GL,66,R2,6326,R3,FALSE,TRUE,0,0,0,0,0,FALSE,FALSE,0,0,0,0,0,0,0,0,FALSE,P,FALSE,0,0,4,NA,,Defense GOAT
AZ,66,B1,10224,R3,FALSE,TRUE,0,0,0,0,0,TRUE,FALSE,0,0,0,0,0,4,2,0,FALSE,P,FALSE,0,0,4,NA,,
SBS,66,R1,2998,R2,FALSE,TRUE,0,0,0,0,0,FALSE,FALSE,0,0,0,8,0,0,0,0,FALSE,P,FALSE,0,0,2,NA,,One of the L1s may have fallen out
SZ,67,B2,539,R2,FALSE,FALSE,0,0,0,0,0,FALSE,FALSE,0,0,0,0,0,0,0,0,FALSE,No,FALSE,0,0,3,NA,,
AW,67,B3,617,R3,FALSE,FALSE,0,0,0,0,0,FALSE,FALSE,0,0,0,0,0,0,0,0,FALSE,P,FALSE,0,0,1,NA,,Didn?t have anything
RX,67,B1,5724,R1,FALSE,TRUE,0,0,0,0,0,TRUE,FALSE,0,0,1,0,1,1,0,0,FALSE,P,FALSE,0,0,3,NA,,Decent driver but crashed robot
KO,67,R3,10257,R2,FALSE,TRUE,0,0,0,0,0,TRUE,FALSE,0,0,0,0,0,0,0,0,FALSE,No,FALSE,0,0,3,NA,,Couple misses; slow elevator
GL,67,R2,4286,R1,FALSE,TRUE,0,0,0,0,0,FALSE,FALSE,0,0,0,0,0,0,0,0,FALSE,P,FALSE,0,0,2,NA,,Mid Defense
SBS,67,R1,1599,R3,FALSE,TRUE,1,0,0,0,0,TRUE,FALSE,0,0,0,1,0,3,0,0,TRUE,D,FALSE,0,0,3,NA,,Intake was iffy