scout,match,robot,team,start,show,move,auto_coral_L1_num,auto_coral_L2_num,auto_coral_L3_num,auto_coral_L4_num,robot_reef_removal,robot_algae_picked,robot_net_score,robot_net_miss,proc_score,coral_L1_num,coral_L2_num,coral_L3_num,coral_L4_num,climb_attempt,ending,climb_time,driver,dead,card,
RS,1,B3,3258,,TRUE,FALSE,0,0,0,0,FALSE,FALSE,0,0,0,0,0,0,0,FALSE,No,FALSE,1,,No Card,
SY,1,B1,1731,R3,FALSE,TRUE,0,0,0,1,TRUE,FALSE,0,0,0,0,0,2,7,TRUE,P,FALSE,5,FALSE,No Card,
DK,1,R1,617,R3,FALSE,FALSE,0,0,0,0,FALSE,FALSE,0,0,0,0,0,0,0,FALSE,P,FALSE,3,FALSE,No Card,
AW,1,B3,540,R1,FALSE,FALSE,0,0,0,0,FALSE,FALSE,0,0,0,1,0,0,0,FALSE,No,FALSE,2,TRUE,No Card,
ES,1,R3,4472,R2,FALSE,TRUE,0,0,0,0,TRUE,FALSE,0,0,0,0,0,0,0,TRUE,P,FALSE,1,FALSE,No Card,
FL,1,B2,6802,R2,FALSE,TRUE,0,0,0,0,FALSE,FALSE,0,0,0,0,0,0,0,TRUE,P,FALSE,3,FALSE,No Card,
AW,2,R2,614,R2,FALSE,TRUE,1,0,0,0,FALSE,FALSE,0,0,3,3,0,0,0,FALSE,No,FALSE,3,FALSE,No Card,
RS,2,B3,9003,R2,FALSE,TRUE,0,0,0,0,FALSE,FALSE,0,0,2,1,0,0,1,FALSE,No,FALSE,3,FALSE,No Card,
AY,2,R3,1599,R3,FALSE,TRUE,0,0,0,0,TRUE,FALSE,0,0,0,1,0,0,3,TRUE,P,FALSE,3,FALSE,No Card,
FL,2,B2,339,R3,FALSE,TRUE,0,0,0,0,FALSE,FALSE,0,0,0,0,2,2,0,FALSE,P,FALSE,3,FALSE,No Card,
DK,2,R1,1599,R3,FALSE,TRUE,0,0,0,0,TRUE,FALSE,0,0,0,0,0,0,3,TRUE,P,FALSE,3,FALSE,No Card,
SY,2,B1,2106,R1,FALSE,TRUE,0,0,0,1,TRUE,FALSE,0,0,1,0,1,2,5,TRUE,D,TRUE,5,FALSE,No Card,
YR,3,B2,10257,R2,FALSE,TRUE,0,0,0,0,TRUE,FALSE,0,0,1,0,0,0,0,FALSE,P,FALSE,2,FALSE,No Card,
AW,3,R2,1522,R3,FALSE,TRUE,0,0,0,0,FALSE,FALSE,0,0,0,0,0,1,2,FALSE,No,FALSE,3,FALSE,No Card,
KO,3,R3,10224,R1,FALSE,TRUE,0,0,0,0,TRUE,FALSE,0,0,1,0,0,0,0,FALSE,No,FALSE,2,FALSE,No Card,
RS,3,B3,6326,R3,FALSE,FALSE,0,0,0,0,FALSE,FALSE,0,0,0,0,0,0,0,FALSE,P,FALSE,3,FALSE,No Card,
DK,3,R1,1086,R2,FALSE,TRUE,0,0,0,0,FALSE,FALSE,0,0,0,1,1,2,0,FALSE,No,FALSE,3,FALSE,No Card,
SY,3,B1,1262,R1,FALSE,TRUE,0,0,0,0,TRUE,FALSE,0,0,0,0,0,1,1,FALSE,No,FALSE,3,FALSE,No Card,
DK,4,R1,449,R1,FALSE,TRUE,0,0,0,0,FALSE,FALSE,0,0,0,0,0,1,9,FALSE,No,FALSE,5,FALSE,No Card,
SY,4,B1,8592,R1,FALSE,TRUE,0,0,0,0,TRUE,FALSE,0,0,0,2,3,0,5,TRUE,No,FALSE,4,FALSE,No Card,
KO,4,R3,3373,R3,FALSE,TRUE,0,0,0,0,FALSE,FALSE,0,0,0,0,0,0,0,FALSE,P,FALSE,2,FALSE,No Card,
AW,4,R2,404,R3,FALSE,TRUE,0,0,0,0,TRUE,TRUE,0,0,3,0,0,0,0,FALSE,P,FALSE,3,FALSE,No Card,
RS,4,B3,4505,R3,FALSE,FALSE,0,0,0,0,FALSE,FALSE,0,0,0,1,0,1,2,FALSE,No,FALSE,3,FALSE,No Card,
FL,4,B2,2998,R2,FALSE,FALSE,0,0,0,0,FALSE,FALSE,0,0,0,0,0,0,0,FALSE,No,FALSE,3,TRUE,No Card,
SY,5,B1,10370,R3,FALSE,TRUE,0,0,0,0,FALSE,FALSE,0,0,0,7,0,0,0,FALSE,P,FALSE,2,FALSE,No Card,
KO,5,R3,346,R1,FALSE,TRUE,0,0,0,0,TRUE,TRUE,0,0,3,0,0,0,0,FALSE,P,FALSE,3,FALSE,No Card,
FL,5,B2,9214,R1,FALSE,FALSE,0,0,0,0,FALSE,FALSE,0,0,0,0,0,0,0,FALSE,No,FALSE,2,FALSE,No Card,
RS,5,B3,2988,R2,FALSE,FALSE,0,0,0,0,FALSE,FALSE,0,0,0,0,0,0,0,FALSE,No,FALSE,1,TRUE,No Card,
AW,5,R2,9709,R3,FALSE,FALSE,0,0,0,0,FALSE,FALSE,0,0,0,0,0,0,0,TRUE,P,FALSE,3,FALSE,No Card,
LJ,5,R1,1895,R2,FALSE,TRUE,0,0,0,0,TRUE,FALSE,0,0,0,0,0,0,0,FALSE,P,FALSE,2,FALSE,No Card,
AW,6,R2,4286,,FALSE,TRUE,0,0,0,0,FALSE,FALSE,0,0,0,0,0,0,0,FALSE,P,FALSE,3,FALSE,No Card,
SY,6,B1,5804,R3,FALSE,TRUE,0,0,0,0,FALSE,FALSE,0,0,0,0,0,0,1,FALSE,P,FALSE,2,FALSE,No Card,
LJ,6,R1,3361,,TRUE,FALSE,0,0,0,0,FALSE,FALSE,0,0,0,0,0,0,0,FALSE,No,FALSE,3,FALSE,No Card,
FL,6,B2,5724,R2,FALSE,TRUE,0,0,0,0,TRUE,TRUE,0,0,1,0,0,1,0,FALSE,P,FALSE,3,FALSE,No Card,
AY,6,B3,3258,R1,FALSE,TRUE,0,0,0,0,FALSE,FALSE,0,0,0,4,0,0,0,FALSE,P,FALSE,2,FALSE,No Card,
KO,6,R3,1731,R2,FALSE,TRUE,0,0,0,2,TRUE,FALSE,0,0,0,0,0,0,5,TRUE,D,TRUE,5,FALSE,No Card,
AY,7,B3,2998,R2,FALSE,FALSE,0,0,0,0,FALSE,FALSE,0,0,0,0,0,0,0,FALSE,No,FALSE,2,FALSE,No Card,
FL,7,B2,1522,R1,FALSE,TRUE,0,0,0,0,TRUE,FALSE,0,0,1,2,0,2,1,FALSE,P,FALSE,3,FALSE,No Card,
SY,7,B1,6802,R3,FALSE,TRUE,0,0,0,0,FALSE,FALSE,0,0,0,1,0,0,2,TRUE,No,TRUE,3,FALSE,No Card,
LJ,7,R1,3373,R1,FALSE,TRUE,0,0,0,0,FALSE,FALSE,0,0,0,0,0,0,0,TRUE,D,FALSE,3,FALSE,No Card,
KO,7,R3,2106,R3,FALSE,TRUE,0,1,0,0,TRUE,FALSE,1,1,2,0,1,2,5,TRUE,D,TRUE,5,FALSE,No Card,
AW,7,R2,539,R2,FALSE,TRUE,1,0,0,0,FALSE,FALSE,0,0,0,2,0,3,0,FALSE,P,FALSE,4,FALSE,No Card,
SY,8,B1,449,R3,FALSE,TRUE,1,0,0,0,FALSE,FALSE,0,0,0,0,3,2,5,FALSE,P,FALSE,5,FALSE,No Card,
FL,8,B2,10370,R2,FALSE,TRUE,0,0,0,0,FALSE,FALSE,0,0,0,1,0,0,0,FALSE,P,FALSE,3,FALSE,No Card,
AW,8,R2,617,R3,TRUE,FALSE,0,0,0,0,FALSE,FALSE,0,0,0,0,0,0,0,FALSE,No,FALSE,3,FALSE,No Card,
LJ,8,R1,346,R1,FALSE,TRUE,0,0,0,0,TRUE,FALSE,0,0,1,1,2,2,0,FALSE,P,FALSE,3,FALSE,No Card,
RX,8,B3,339,R1,FALSE,TRUE,0,0,0,0,FALSE,FALSE,0,0,0,2,1,0,0,FALSE,P,FALSE,3,FALSE,No Card,
KO,8,R3,6326,R2,FALSE,FALSE,0,0,0,0,FALSE,FALSE,0,0,0,0,0,0,0,FALSE,No,FALSE,4,FALSE,No Card,
AW,9,R2,614,R2,FALSE,TRUE,1,0,0,0,FALSE,FALSE,0,0,1,1,1,0,0,FALSE,P,FALSE,2,FALSE,No Card,
SY,9,B1,9214,R3,FALSE,FALSE,0,0,0,0,TRUE,FALSE,0,0,0,0,0,0,0,FALSE,P,FALSE,1,FALSE,No Card,
FL,9,B2,1599,R1,FALSE,TRUE,1,0,0,0,TRUE,FALSE,0,0,0,0,0,2,0,TRUE,D,FALSE,3,FALSE,No Card,
Frank,9,B3,8592,R3,FALSE,FALSE,0,0,0,1,TRUE,FALSE,0,0,0,1,0,0,5,TRUE,S,TRUE,5,FALSE,No Card,
LJ,9,R1,4286,R1,FALSE,FALSE,0,0,0,0,FALSE,FALSE,0,0,0,0,0,0,0,FALSE,P,FALSE,2,FALSE,No Card,
Gl,9,R3,1895,R3,FALSE,TRUE,0,0,0,0,FALSE,FALSE,0,0,0,1,0,0,3,TRUE,P,FALSE,3,FALSE,No Card,
AW,10,R2,2988,B1,TRUE,FALSE,0,0,0,0,FALSE,FALSE,0,0,0,0,0,0,0,FALSE,No,FALSE,3,FALSE,No Card,
SY,10,B1,10224,R3,FALSE,TRUE,0,0,0,0,FALSE,FALSE,0,0,0,1,0,0,0,FALSE,No,FALSE,1,FALSE,No Card,
GL,10,R3,404,R2,FALSE,TRUE,0,0,0,0,TRUE,TRUE,0,0,3,0,0,0,0,FALSE,No,FALSE,3,FALSE,No Card,
LJ,10,R1,540,R1,FALSE,TRUE,0,0,0,0,FALSE,FALSE,0,0,0,0,2,2,0,FALSE,No,FALSE,4,FALSE,No Card,
FL,10,B2,4472,R2,FALSE,TRUE,0,0,0,0,TRUE,FALSE,0,0,0,0,0,2,0,FALSE,P,FALSE,3,FALSE,No Card,
Frank,10,B3,10257,R1,FALSE,TRUE,0,0,0,0,FALSE,FALSE,0,0,0,0,0,0,0,FALSE,P,FALSE,2,FALSE,No Card,
GL,11,R3,9709,R3,FALSE,FALSE,0,0,0,0,FALSE,FALSE,0,0,0,0,0,0,0,FALSE,P,FALSE,3,FALSE,No Card,
JJ,11,B3,5724,R3,FALSE,TRUE,0,0,0,0,FALSE,TRUE,0,0,1,0,0,1,0,FALSE,P,FALSE,2,FALSE,No Card,
YZ,11,B1,3361,R2,TRUE,FALSE,0,0,0,0,FALSE,FALSE,0,0,0,0,0,0,0,FALSE,No,FALSE,3,FALSE,No Card,
BH,11,R1,5804,R1,FALSE,FALSE,0,0,0,0,FALSE,FALSE,0,0,0,0,0,0,4,FALSE,P,FALSE,3,FALSE,No Card,
AM,11,B2,1262,R1,FALSE,TRUE,0,0,0,0,TRUE,FALSE,0,0,0,0,0,4,0,FALSE,No,FALSE,3,FALSE,No Card,
NY,11,R2,4505,R2,FALSE,FALSE,0,0,0,0,FALSE,FALSE,0,0,0,1,0,0,3,FALSE,No,FALSE,2,TRUE,No Card,
RN,12,B3,4286,R2,FALSE,FALSE,0,0,0,0,FALSE,FALSE,0,0,0,0,0,0,0,FALSE,No,FALSE,1,FALSE,No Card,
YZ,12,B1,9003,R1,FALSE,TRUE,0,0,0,0,TRUE,FALSE,0,0,0,0,1,2,3,FALSE,P,FALSE,4,FALSE,No Card,
GL,12,R3,10370,R3,FALSE,TRUE,0,0,0,0,FALSE,FALSE,0,0,0,7,0,0,0,FALSE,No,FALSE,3,FALSE,No Card,
BH,12,R1,8592,R1,FALSE,TRUE,0,0,0,0,TRUE,FALSE,1,0,0,0,2,5,5,FALSE,D,FALSE,3,FALSE,No Card,
AM,12,B2,346,R3,FALSE,TRUE,0,0,0,0,FALSE,FALSE,0,0,0,3,0,2,0,FALSE,P,FALSE,3,FALSE,No Card,
SR,12,R2,1086,R2,FALSE,TRUE,0,0,0,0,TRUE,FALSE,0,0,2,0,1,0,0,FALSE,P,FALSE,2,FALSE,No Card,
YR,13,B3,3258,R1,FALSE,TRUE,0,0,0,0,FALSE,FALSE,0,0,0,6,0,0,0,FALSE,P,FALSE,1,FALSE,No Card,
JJ,13,B2,404,R2,FALSE,TRUE,0,0,0,0,TRUE,TRUE,0,0,6,0,0,0,0,FALSE,No,FALSE,2,FALSE,No Card,
AY,13,R3,540,R3,FALSE,TRUE,0,0,0,0,FALSE,FALSE,0,0,0,0,6,5,0,FALSE,No,FALSE,4,FALSE,No Card,
KO,13,R2,10257,R2,FALSE,TRUE,0,0,0,0,FALSE,TRUE,1,0,1,0,0,0,1,FALSE,P,FALSE,3,FALSE,No Card,
EG,13,R1,2106,R1,FALSE,TRUE,0,0,0,1,TRUE,FALSE,0,0,0,0,1,2,5,TRUE,P,FALSE,4,FALSE,No Card,
BH,13,B1,617,R3,FALSE,FALSE,0,0,0,0,FALSE,FALSE,0,0,0,0,0,0,0,FALSE,P,FALSE,2,FALSE,No Card,
YR,14,B3,539,R1,FALSE,TRUE,0,0,0,0,FALSE,FALSE,0,0,0,2,0,1,0,FALSE,P,FALSE,1,FALSE,No Card,
YZ,14,R2,5724,R1,FALSE,TRUE,0,0,0,0,FALSE,TRUE,0,0,1,0,0,0,0,FALSE,P,FALSE,2,FALSE,No Card,
JJ,14,B2,4472,R2,FALSE,TRUE,0,0,0,0,TRUE,FALSE,0,0,3,0,0,0,0,FALSE,P,FALSE,3,FALSE,No Card,
BH,14,B1,2998,R3,FALSE,FALSE,0,0,0,0,FALSE,FALSE,0,0,0,0,0,0,0,FALSE,P,FALSE,4,FALSE,No Card,
SR,14,R1,1731,R2,FALSE,TRUE,0,0,0,0,TRUE,FALSE,0,0,0,0,0,3,5,TRUE,D,FALSE,4,FALSE,No Card,
MH,14,R3,449,R2,FALSE,TRUE,0,0,0,1,FALSE,FALSE,0,0,0,0,4,2,5,FALSE,P,FALSE,5,FALSE,No Card,
SR,15,R1,2988,R2,TRUE,FALSE,0,0,0,0,FALSE,FALSE,0,0,0,0,0,0,0,FALSE,No,FALSE,1,FALSE,No Card,
YR,15,B3,1086,R1,FALSE,TRUE,0,0,0,0,TRUE,FALSE,0,0,3,1,0,3,0,FALSE,P,FALSE,3,FALSE,No Card,
JJ,15,B2,9214,R1,FALSE,TRUE,0,0,0,0,FALSE,FALSE,0,0,0,0,0,0,0,FALSE,No,FALSE,3,TRUE,No Card,
YZ,15,R2,5804,R1,FALSE,TRUE,0,0,0,0,FALSE,FALSE,0,0,0,0,0,0,4,FALSE,P,FALSE,2,FALSE,No Card,
MH,15,B1,614,R3,FALSE,TRUE,0,0,0,0,FALSE,FALSE,0,0,0,4,0,0,0,FALSE,No,FALSE,3,FALSE,No Card,
YZ,16,R2,1522,R3,FALSE,TRUE,0,0,0,0,FALSE,FALSE,0,0,0,0,0,4,2,FALSE,P,FALSE,3,FALSE,No Card,
BH,16,B1,1895,R2,FALSE,TRUE,0,0,0,0,TRUE,FALSE,0,0,0,0,0,0,5,FALSE,P,FALSE,3,FALSE,No Card,
JJ,16,B2,3373,R1,FALSE,TRUE,0,0,0,0,FALSE,FALSE,0,0,0,0,0,0,1,FALSE,P,FALSE,3,FALSE,No Card,
AZ,16,R3,9709,R3,FALSE,FALSE,0,0,0,0,FALSE,FALSE,0,0,0,1,0,0,0,FALSE,P,FALSE,2,FALSE,No Card,
YR,16,B3,9003,R1,FALSE,TRUE,0,0,0,0,FALSE,FALSE,0,0,0,2,0,3,2,FALSE,P,FALSE,1,FALSE,No Card,
RN,16,R1,1262,R1,FALSE,TRUE,1,0,0,0,TRUE,FALSE,0,0,0,0,0,2,0,FALSE,P,FALSE,2,FALSE,No Card,
YZ,17,R2,3361,R1,TRUE,FALSE,0,0,0,0,FALSE,FALSE,0,0,0,0,0,0,0,FALSE,No,FALSE,3,FALSE,No Card,
BH,17,B1,6326,R3,FALSE,TRUE,0,0,0,0,FALSE,FALSE,0,0,0,0,0,0,0,FALSE,P,FALSE,2,FALSE,No Card,
AY,17,R3,339,R1,FALSE,TRUE,0,0,0,0,FALSE,FALSE,0,0,0,0,0,0,0,FALSE,No,FALSE,2,FALSE,No Card,
JJ,17,B2,10024,R3,FALSE,TRUE,0,0,0,0,FALSE,FALSE,0,0,0,0,1,0,6,FALSE,No,FALSE,3,FALSE,No Card,
RN,17,R1,1599,R3,FALSE,TRUE,0,0,0,0,TRUE,FALSE,0,0,0,0,0,3,0,FALSE,No,FALSE,2,FALSE,No Card,
YR,17,B3,4505,R2,FALSE,FALSE,0,0,0,0,FALSE,FALSE,0,0,0,0,0,0,2,FALSE,P,FALSE,2,FALSE,No Card,
JJ,18,B2,539,R1,FALSE,TRUE,0,0,0,0,FALSE,FALSE,0,0,0,0,0,0,0,FALSE,No,FALSE,3,TRUE,No Card,
AY,18,R3,2998,R3,FALSE,TRUE,0,0,0,0,FALSE,FALSE,0,0,0,6,0,0,0,FALSE,P,FALSE,2,FALSE,No Card,
YZ,18,R2,2988,R2,FALSE,TRUE,0,0,0,0,FALSE,FALSE,0,0,0,0,0,0,0,TRUE,P,FALSE,1,FALSE,No Card,
BH,18,B1,4286,R2,FALSE,TRUE,0,0,0,0,FALSE,FALSE,0,0,0,0,0,0,0,FALSE,No,FALSE,3,TRUE,No Card,
YR,18,B3,5804,R1,FALSE,FALSE,0,0,0,0,FALSE,FALSE,0,0,0,0,0,0,3,FALSE,P,FALSE,1,FALSE,No Card,
RN,18,R1,346,R3,FALSE,TRUE,0,0,0,0,TRUE,FALSE,0,0,2,0,0,0,4,FALSE,P,FALSE,3,FALSE,No Card,
AY,19,R3,449,R3,FALSE,TRUE,0,0,0,1,TRUE,FALSE,0,0,0,0,2,4,7,FALSE,No,FALSE,5,FALSE,No Card,
JJ,19,B2,9709,R2,FALSE,FALSE,0,0,0,0,FALSE,FALSE,0,0,0,0,0,0,0,FALSE,P,FALSE,3,FALSE,No Card,
BH,19,B1,5724,R3,FALSE,TRUE,0,0,0,0,TRUE,FALSE,0,0,1,1,0,0,0,FALSE,No,FALSE,4,FALSE,No Card,
YR,19,B3,614,R1,FALSE,TRUE,1,0,0,0,FALSE,TRUE,0,0,1,4,1,0,0,TRUE,P,FALSE,3,TRUE,No Card,
RN,19,R1,1895,R1,FALSE,TRUE,0,0,0,0,FALSE,FALSE,0,0,0,2,0,2,3,FALSE,No,FALSE,3,FALSE,No Card,
JJ,20,B2,339,R3,FALSE,TRUE,0,0,0,0,FALSE,FALSE,0,0,0,0,2,0,0,FALSE,P,FALSE,3,FALSE,No Card,
BH,20,B1,9214,R2,FALSE,TRUE,0,0,0,0,FALSE,FALSE,0,0,0,0,0,0,0,FALSE,P,FALSE,3,FALSE,No Card,
YZ,20,R2,9003,R3,FALSE,TRUE,0,0,0,0,TRUE,FALSE,0,0,0,0,0,4,2,FALSE,No,FALSE,4,FALSE,No Card,
YR,20,B3,6802,R3,FALSE,TRUE,0,0,0,0,FALSE,FALSE,0,0,0,0,0,0,0,FALSE,No,FALSE,1,TRUE,No Card,
RN,20,R1,10257,R1,FALSE,TRUE,0,0,0,0,TRUE,FALSE,0,0,1,0,0,1,0,FALSE,P,FALSE,2,FALSE,No Card,
AY,20,R3,4505,R2,FALSE,TRUE,0,0,0,0,FALSE,FALSE,0,0,0,0,0,0,0,FALSE,P,FALSE,1,FALSE,No Card,
AY,21,R3,6326,R3,FALSE,TRUE,0,0,0,0,FALSE,FALSE,0,0,0,0,0,0,0,FALSE,P,FALSE,2,FALSE,No Card,
YR,21,B3,1262,R1,FALSE,TRUE,0,0,0,0,FALSE,FALSE,0,0,0,0,2,5,0,FALSE,P,FALSE,3,FALSE,No Card,
RN,21,R1,404,R2,FALSE,FALSE,0,0,0,0,TRUE,FALSE,0,0,3,0,0,0,0,FALSE,P,FALSE,1,FALSE,No Card,
SZ,21,B2,2106,R3,FALSE,TRUE,0,0,0,1,TRUE,FALSE,0,0,2,0,0,0,4,FALSE,P,FALSE,5,FALSE,No Card,
JY,21,R2,8592,R1,FALSE,TRUE,0,0,0,0,TRUE,FALSE,0,0,0,0,0,6,0,TRUE,D,TRUE,4,FALSE,No Card,
AY,22,R3,10370,R3,FALSE,TRUE,0,0,0,0,FALSE,FALSE,0,0,0,1,0,0,0,FALSE,P,FALSE,3,FALSE,No Card,
YR,22,B3,10224,R3,FALSE,TRUE,0,0,0,1,FALSE,FALSE,0,0,0,1,0,0,3,FALSE,No,FALSE,1,FALSE,No Card,
RN,22,R1,540,R2,FALSE,TRUE,0,0,0,0,FALSE,FALSE,0,0,0,0,7,2,0,FALSE,No,FALSE,3,FALSE,No Card,
SZ,22,B2,1599,R1,FALSE,TRUE,0,0,0,0,TRUE,FALSE,0,0,0,0,0,1,0,TRUE,D,TRUE,4,FALSE,No Card,
RL,22,B1,3373,R2,FALSE,TRUE,0,0,0,1,FALSE,FALSE,0,0,0,0,0,0,0,TRUE,P,FALSE,3,FALSE,No Card,
JY,22,R2,1731,R2,FALSE,TRUE,0,0,0,1,TRUE,FALSE,0,0,0,0,0,0,0,TRUE,P,FALSE,3,FALSE,No Card,
SR,23,R1,1086,R2,FALSE,TRUE,0,0,0,1,TRUE,FALSE,0,0,1,1,0,0,0,FALSE,P,FALSE,3,FALSE,No Card,
YR,23,B3,1895,R2,FALSE,TRUE,0,0,0,0,TRUE,FALSE,0,0,0,0,0,0,2,FALSE,P,FALSE,3,FALSE,No Card,
JY,23,R2,3258,R1,FALSE,TRUE,0,0,0,0,FALSE,FALSE,0,0,0,4,0,0,0,FALSE,P,FALSE,3,FALSE,No Card,
RL,23,B1,1522,R1,FALSE,TRUE,0,0,0,0,TRUE,FALSE,0,0,1,1,0,1,0,FALSE,No,FALSE,2,FALSE,No Card,
SZ,23,B2,3361,R1,FALSE,FALSE,0,0,0,0,FALSE,FALSE,0,0,0,0,0,0,0,FALSE,P,FALSE,4,FALSE,No Card,
WR,23,R3,9003,,FALSE,TRUE,0,0,0,0,FALSE,FALSE,0,0,0,0,0,0,6,FALSE,P,FALSE,2,FALSE,No Card,
JY,24,R2,4286,R1,FALSE,FALSE,0,0,0,0,FALSE,FALSE,0,0,0,0,0,0,0,FALSE,No,FALSE,2,TRUE,defense but disabled after crossing,
SR,24,R1,404,R3,FALSE,TRUE,0,0,0,0,TRUE,FALSE,0,0,4,0,0,0,0,FALSE,No,FALSE,1,FALSE,No Card,
WR,24,R3,404,,FALSE,TRUE,0,0,0,0,TRUE,FALSE,3,0,4,0,0,0,0,FALSE,No,FALSE,4,FALSE,No Card,
SZ,24,B2,10257,R2,FALSE,TRUE,0,0,0,0,TRUE,FALSE,0,0,1,0,0,0,0,FALSE,P,FALSE,4,FALSE,Algae went inside robot and intake broke,
YR,24,B3,346,R3,FALSE,TRUE,0,0,0,0,FALSE,FALSE,0,0,0,0,0,0,6,FALSE,P,FALSE,1,FALSE,No Card,
RL,24,B1,339,R3,FALSE,TRUE,0,0,0,0,FALSE,FALSE,0,0,0,0,0,0,0,FALSE,No,FALSE,2,FALSE,"Impatient driver, intake issues ",
YR,25,B3,449,R1,FALSE,TRUE,0,0,0,2,TRUE,FALSE,0,0,0,0,5,3,2,FALSE,P,FALSE,4,FALSE,No Card,
WR,25,R3,1262,,FALSE,TRUE,0,0,0,0,TRUE,FALSE,0,0,0,0,2,0,0,FALSE,No,FALSE,2,FALSE,No Card,
SZ,25,B2,2106,R3,FALSE,TRUE,0,0,0,2,FALSE,FALSE,0,0,0,5,0,2,0,FALSE,P,FALSE,5,FALSE,No Card,
SR,25,R1,540,R2,FALSE,FALSE,0,0,0,0,FALSE,FALSE,0,0,0,0,2,1,0,FALSE,No,FALSE,2,TRUE,No Card,
RL,25,B1,9214,R2,FALSE,TRUE,0,0,0,0,FALSE,FALSE,0,0,0,0,0,0,0,FALSE,P,FALSE,2,FALSE,"Floppy dead intake, crap defense :(",
JY,25,R2,10224,R1,FALSE,TRUE,0,0,0,0,FALSE,FALSE,0,0,0,0,0,0,4,FALSE,No,FALSE,3,FALSE,"tank, position and angle for l4 is not optimal",
YR,26,B3,3361,R1,FALSE,FALSE,0,0,0,0,FALSE,FALSE,0,0,0,0,0,0,0,FALSE,P,FALSE,1,FALSE,No Card,
SZ,26,B2,1086,R2,FALSE,TRUE,0,0,0,0,TRUE,FALSE,0,0,0,0,0,3,0,FALSE,P,FALSE,5,FALSE,No Card,
JY,26,R2,10370,R3,FALSE,TRUE,0,0,0,0,FALSE,FALSE,0,0,0,2,0,0,0,FALSE,P,FALSE,1,FALSE,"kitbot, part defense, bad intake, stuck coral",
RL,26,R1,1522,R3,FALSE,TRUE,0,0,0,0,FALSE,FALSE,0,0,0,1,0,1,0,FALSE,P,FALSE,3,TRUE,"Tried L4, failed 2x then died, revived ~30s later",
WR,26,R3,10370,,FALSE,FALSE,0,0,0,0,FALSE,FALSE,0,0,0,1,0,0,0,FALSE,P,FALSE,1,FALSE,No Card,
SY,26,B1,617,,FALSE,TRUE,0,0,0,0,FALSE,FALSE,0,0,0,0,0,0,0,FALSE,P,FALSE,1,FALSE,No Card,
SY,27,B1,9709,R1,FALSE,FALSE,0,0,0,0,FALSE,FALSE,0,0,0,0,0,1,0,FALSE,P,FALSE,1,FALSE,Red,
YR,27,B3,2988,R2,FALSE,FALSE,0,0,0,0,FALSE,FALSE,0,0,0,0,0,0,0,FALSE,P,FALSE,3,FALSE,Barge foul,
JY,27,R2,3258,R1,FALSE,TRUE,0,0,0,0,FALSE,FALSE,0,0,0,3,0,0,0,FALSE,P,FALSE,1,FALSE,"kitbot, part defense, bad intake, stuck coral",
WR,27,R3,1599,,FALSE,TRUE,0,0,0,0,TRUE,FALSE,0,0,0,0,1,0,0,TRUE,P,FALSE,2,FALSE,No Card,
SZ,27,B2,3373,R3,FALSE,TRUE,0,0,0,0,FALSE,FALSE,0,0,0,0,0,0,2,TRUE,D,FALSE,5,FALSE,No Card,
RL,27,R1,4505,R2,FALSE,TRUE,0,0,0,0,FALSE,FALSE,0,0,0,1,0,0,0,FALSE,P,FALSE,3,FALSE,"Extra high l4 (-accuracy), backlash issue mid rnd",
JY,28,R2,6326,R3,FALSE,TRUE,0,0,0,0,FALSE,FALSE,0,0,0,0,0,0,0,FALSE,P,FALSE,4,FALSE,defense only and not bad,
SBS,28,B1,8592,R3,FALSE,TRUE,0,0,0,1,TRUE,FALSE,1,0,0,0,0,2,5,TRUE,P,FALSE,4,FALSE,Bald,
WR,28,R3,6326,R3,FALSE,TRUE,0,0,0,0,FALSE,FALSE,0,0,0,0,0,0,0,TRUE,No,FALSE,4,FALSE,Really good defense,
SZ,28,B2,6802,R1,FALSE,TRUE,0,0,0,0,FALSE,FALSE,0,0,0,1,0,0,0,TRUE,D,FALSE,4,FALSE,No Card,
RL,28,R1,614,R2,FALSE,TRUE,1,0,0,0,TRUE,TRUE,0,0,2,7,1,0,0,FALSE,No,FALSE,3,FALSE,No Card,
YR,28,B3,5724,R2,FALSE,TRUE,0,0,0,0,FALSE,TRUE,,,,,,,,,,,,,No Card,
SZ,29,B2,617,R3,TRUE,FALSE,0,0,0,0,FALSE,FALSE,0,0,0,0,0,0,0,FALSE,No,FALSE,3,FALSE,I owe Jeffery ji five bags of skittles ,
WR,29,R3,9003,R3,FALSE,TRUE,0,0,0,0,TRUE,FALSE,0,1,1,0,0,0,0,TRUE,P,FALSE,3,FALSE,No Card,
YR,29,B3,1262,R1,FALSE,TRUE,0,0,0,0,FALSE,FALSE,0,0,0,0,4,1,0,FALSE,P,FALSE,3,FALSE,No Card,
SBS,29,B1,1731,R2,FALSE,TRUE,0,0,0,2,TRUE,FALSE,0,0,0,0,1,3,5,TRUE,D,FALSE,5,FALSE,No Card,
JY,29,R2,9003,R3,FALSE,TRUE,0,0,0,0,FALSE,TRUE,0,0,1,0,0,0,0,FALSE,P,FALSE,3,FALSE,No Card,
GL,29,R1,4472,R2,FALSE,TRUE,1,0,0,0,TRUE,FALSE,0,0,1,0,0,0,0,FALSE,P,FALSE,2,FALSE,No Card,
KO,30,R2,2998,R2,FALSE,TRUE,0,0,0,0,FALSE,FALSE,0,0,0,7,0,0,0,FALSE,No,FALSE,3,FALSE,No Card,
AY,30,R3,3361,R3,FALSE,FALSE,0,0,0,0,FALSE,FALSE,0,0,0,0,0,0,0,FALSE,P,FALSE,3,FALSE,No Card,
SBS,30,B1,10257,R1,FALSE,TRUE,0,0,0,0,FALSE,FALSE,0,0,0,0,0,0,0,FALSE,P,FALSE,1,FALSE,No Card,
SZ,30,B2,2988,R3,FALSE,TRUE,0,0,0,0,FALSE,FALSE,0,0,0,0,0,0,0,FALSE,P,FALSE,4,FALSE,No Card,
FL,30,B3,1086,,FALSE,TRUE,0,0,0,0,TRUE,FALSE,0,0,0,0,0,2,1,FALSE,No,FALSE,3,FALSE,No Card,
GL,30,R1,3373,R1,FALSE,TRUE,0,0,0,0,FALSE,FALSE,0,0,0,0,0,0,3,TRUE,D,TRUE,3,FALSE,No Card,
FL,31,B3,4286,R2,TRUE,FALSE,0,0,0,0,FALSE,FALSE,0,0,0,0,0,0,0,FALSE,No,FALSE,3,FALSE,No Card,
LJ,31,R1,539,R2,FALSE,TRUE,0,0,0,0,FALSE,TRUE,0,0,2,1,0,0,0,FALSE,No,FALSE,4,FALSE,No Card,
RX,31,B2,3258,R3,FALSE,TRUE,0,0,0,0,FALSE,FALSE,0,0,0,3,0,0,0,FALSE,P,FALSE,3,FALSE,No Card,
KO,31,R2,6802,R1,FALSE,TRUE,0,0,0,0,FALSE,FALSE,0,0,0,0,0,0,2,TRUE,D,TRUE,4,FALSE,No Card,
AZ,31,R3,10224,R3,FALSE,TRUE,0,0,0,0,TRUE,FALSE,0,0,0,0,0,2,4,FALSE,P,FALSE,2,FALSE,No Card,
SR,31,B1,10370,R1,FALSE,TRUE,0,0,0,0,FALSE,FALSE,0,0,0,2,0,0,0,FALSE,P,FALSE,2,FALSE,No Card,
SBS,32,B1,6326,R2,FALSE,TRUE,0,0,0,0,FALSE,FALSE,0,0,0,0,0,0,0,FALSE,P,FALSE,3,FALSE,No Card,
SZ,32,B2,449,R3,FALSE,TRUE,0,0,0,2,TRUE,FALSE,0,0,0,0,2,5,8,FALSE,P,FALSE,5,FALSE,No Card,
RX,32,R1,4505,R3,FALSE,TRUE,0,0,0,0,FALSE,FALSE,0,0,0,0,0,0,3,FALSE,P,FALSE,4,FALSE,No Card,
"KO, AY",32,R2,2106,R1,FALSE,TRUE,0,0,0,1,TRUE,FALSE,0,0,1,0,0,1,5,TRUE,P,FALSE,5,FALSE,No Card,
WR,32,R3,614,R2,FALSE,TRUE,4,0,0,0,FALSE,FALSE,0,0,0,0,0,0,0,FALSE,No,FALSE,3,FALSE,No Card,
FL,32,B3,9709,R1,FALSE,TRUE,0,0,0,0,TRUE,FALSE,0,0,0,0,0,2,0,FALSE,P,FALSE,3,FALSE,No Card,
KO,33,R2,8592,R3,FALSE,TRUE,0,0,0,0,TRUE,FALSE,0,0,0,0,2,4,3,TRUE,D,TRUE,5,FALSE,No Card,
WR,33,R3,1895,R2,FALSE,TRUE,0,0,0,0,FALSE,FALSE,0,0,0,2,0,1,1,TRUE,P,FALSE,3,FALSE,No Card,
FL,33,B3,540,R1,FALSE,TRUE,0,0,0,0,FALSE,FALSE,0,0,0,0,3,2,0,FALSE,No,FALSE,4,FALSE,No Card,
SBS,33,B1,5724,R2,FALSE,TRUE,0,0,0,0,TRUE,TRUE,0,0,2,0,0,0,0,FALSE,P,FALSE,2,FALSE,No Card,
SZ,33,B2,346,R3,FALSE,TRUE,1,0,0,0,FALSE,FALSE,0,0,0,0,0,0,6,TRUE,P,TRUE,5,FALSE,No Card,
RX,33,R1,4472,R1,FALSE,FALSE,0,0,0,0,TRUE,FALSE,0,0,2,0,2,0,0,FALSE,P,FALSE,2,FALSE,No Card,
KO,34,R2,1731,R2,FALSE,TRUE,0,0,0,1,TRUE,FALSE,0,0,0,1,0,1,5,TRUE,D,TRUE,5,FALSE,No Card,
WR,34,R3,339,R2,FALSE,TRUE,0,0,0,0,TRUE,FALSE,0,0,0,0,3,0,0,TRUE,P,FALSE,2,FALSE,No Card,
RX,34,R1,5804,R3,FALSE,FALSE,0,0,0,0,TRUE,FALSE,0,0,0,0,0,3,1,FALSE,P,FALSE,3,FALSE,No Card,
SZ,34,B2,1599,R1,FALSE,TRUE,1,0,0,0,TRUE,FALSE,0,0,0,0,0,2,0,TRUE,P,FALSE,4,FALSE,No Card,
SBS,34,B1,404,R2,FALSE,TRUE,0,0,0,0,TRUE,TRUE,0,0,7,0,0,0,0,FALSE,No,FALSE,4,FALSE,No Card,
FL,34,B3,1522,R3,FALSE,TRUE,0,0,0,0,FALSE,FALSE,0,0,0,2,0,1,0,FALSE,P,FALSE,3,FALSE,No Card,
RX,35,R1,10257,R3,FALSE,TRUE,0,0,0,0,FALSE,FALSE,0,0,0,0,0,0,0,FALSE,P,FALSE,2,FALSE,No Card,
WR,35,R3,6802,R1,FALSE,TRUE,0,0,0,0,FALSE,FALSE,0,0,0,0,0,0,3,TRUE,D,TRUE,3,FALSE,No Card,
SBS,35,B1,4286,R2,FALSE,TRUE,0,0,0,0,FALSE,FALSE,0,0,0,0,0,0,0,FALSE,No,FALSE,2,FALSE,No Card,
RS,35,B3,3373,R3,FALSE,TRUE,0,0,0,0,FALSE,FALSE,0,0,0,0,0,0,0,TRUE,D,TRUE,2,FALSE,No Card,
AZ,35,R2,3361,R2,FALSE,FALSE,0,0,0,0,TRUE,FALSE,0,0,0,0,0,0,0,FALSE,P,FALSE,1,FALSE,No Card,
SZ,35,B2,1262,R1,FALSE,TRUE,0,0,0,0,TRUE,FALSE,0,0,0,0,3,2,0,FALSE,P,FALSE,5,FALSE,No Card,
WR,36,R3,4472,R1,FALSE,TRUE,0,0,0,0,TRUE,FALSE,2,1,3,0,2,0,0,TRUE,P,FALSE,3,FALSE,No Card,
SZ,36,B2,9214,R2,FALSE,TRUE,0,0,0,0,TRUE,FALSE,0,0,0,1,1,2,0,FALSE,P,FALSE,4,FALSE,No Card,
YZ,36,R1,10370,R1,FALSE,TRUE,0,0,0,0,FALSE,FALSE,0,0,0,5,0,0,0,FALSE,P,FALSE,2,FALSE,No Card,
RS,36,B3,6326,R1,FALSE,TRUE,0,0,0,0,FALSE,FALSE,0,0,0,0,0,0,0,FALSE,P,FALSE,3,FALSE,No Card,
BH,36,B1,539,,FALSE,TRUE,1,0,0,0,FALSE,FALSE,0,0,0,7,0,0,0,FALSE,No,FALSE,3,FALSE,No Card,
RN,36,R2,5724,R2,FALSE,TRUE,0,0,0,0,FALSE,FALSE,0,0,3,0,1,0,0,FALSE,P,FALSE,2,FALSE,No Card,
YZ,37,R1,10224,R1,FALSE,TRUE,0,0,0,0,FALSE,FALSE,0,0,0,0,1,1,5,FALSE,P,FALSE,3,FALSE,No Card,
SY,37,R2,9709,R2,FALSE,TRUE,0,0,0,0,TRUE,FALSE,0,0,0,0,0,0,0,FALSE,P,FALSE,2,FALSE,No Card,
SZ,37,B2,1731,R2,FALSE,TRUE,0,0,0,1,FALSE,FALSE,0,0,0,0,1,2,3,TRUE,D,FALSE,5,FALSE,No Card,
BH,37,B1,8592,R1,FALSE,TRUE,0,0,0,0,TRUE,FALSE,0,0,0,0,3,3,3,TRUE,D,FALSE,3,FALSE,No Card,
RS,37,B3,2106,R2,FALSE,TRUE,1,0,0,1,FALSE,FALSE,0,0,0,0,1,0,1,TRUE,P,TRUE,3,FALSE,No Card,
WR,37,R3,339,,FALSE,TRUE,0,1,0,0,FALSE,FALSE,0,0,0,0,1,2,0,FALSE,No,FALSE,1,FALSE,No Card,
YZ,38,R1,9003,R2,FALSE,TRUE,0,0,0,0,TRUE,FALSE,0,0,0,0,0,0,2,FALSE,No,FALSE,2,FALSE,No Card,
SZ,38,B2,1086,R2,FALSE,TRUE,0,0,0,0,FALSE,FALSE,0,0,0,0,1,5,0,FALSE,No,FALSE,5,FALSE,No Card,
Frank,38,R3,1599,R3,FALSE,TRUE,0,0,0,0,TRUE,FALSE,0,0,0,0,0,2,0,TRUE,D,TRUE,2,FALSE,No Card,
SY,38,R2,540,R1,FALSE,FALSE,0,0,0,0,FALSE,FALSE,0,0,0,0,3,3,0,FALSE,P,FALSE,3,FALSE,No Card,
BH,38,B1,4505,R3,FALSE,TRUE,0,0,0,1,FALSE,FALSE,0,0,0,0,0,0,2,FALSE,P,FALSE,2,FALSE,No Card,
RS,38,B3,404,R1,FALSE,TRUE,0,0,0,0,FALSE,FALSE,0,0,5,0,0,0,0,FALSE,No,FALSE,4,FALSE,No Card,
YZ,39,R1,2988,R2,FALSE,TRUE,0,0,0,0,FALSE,FALSE,0,0,0,0,0,0,0,FALSE,No,FALSE,2,FALSE,No Card,
SY,39,R2,449,R1,FALSE,TRUE,0,0,0,1,TRUE,FALSE,0,0,0,0,1,2,7,FALSE,P,FALSE,5,FALSE,No Card,
SZ,39,B2,5804,R2,FALSE,TRUE,0,0,0,0,FALSE,FALSE,0,0,0,1,3,0,3,FALSE,P,FALSE,5,FALSE,No Card,
BH,39,B1,1522,R1,FALSE,TRUE,0,0,0,0,TRUE,FALSE,0,0,0,0,0,6,0,FALSE,P,FALSE,3,FALSE,No Card,
ADK,39,B3,346,R3,FALSE,TRUE,0,0,0,1,FALSE,FALSE,0,0,0,0,0,0,6,FALSE,P,FALSE,2,FALSE,No Card,
Frank,39,R3,3258,R3,FALSE,TRUE,0,0,0,0,FALSE,FALSE,0,0,0,3,0,0,0,FALSE,P,FALSE,1,FALSE,No Card,
AW,40,R3,617,R3,FALSE,FALSE,0,0,0,0,FALSE,FALSE,0,0,0,0,0,0,0,FALSE,No,FALSE,1,FALSE,No Card,"Didn't try to pick up anything, or defend"
YZ,40,R1,6802,R1,FALSE,TRUE,0,0,0,0,FALSE,FALSE,0,0,0,0,0,0,2,TRUE,D,FALSE,2,FALSE,No Card,
SZ,40,B2,1262,R1,FALSE,TRUE,0,0,0,0,FALSE,FALSE,0,0,0,0,5,4,0,FALSE,P,FALSE,5,FALSE,No Card,
ADK,40,B3,1895,R3,FALSE,TRUE,0,0,0,0,TRUE,FALSE,0,0,0,0,0,0,4,FALSE,P,FALSE,2,FALSE,No Card,"Very wobbly, might tip over"
BH,40,B1,2998,R2,FALSE,TRUE,0,0,0,0,FALSE,FALSE,0,0,0,2,0,0,0,FALSE,P,FALSE,3,FALSE,No Card,
Frank,40,R2,614,R2,FALSE,TRUE,0,0,0,0,TRUE,TRUE,0,0,2,0,2,0,0,FALSE,No,FALSE,2,FALSE,No Card,"Stuck coral, didn't see the starting pos"
ADK,41,B3,1086,R2,FALSE,TRUE,0,0,0,1,TRUE,FALSE,0,0,1,1,2,0,1,FALSE,No,FALSE,3,FALSE,No Card,
BH,41,B1,339,R1,FALSE,TRUE,0,1,0,0,FALSE,FALSE,0,0,0,0,2,1,0,FALSE,No,FALSE,3,FALSE,No Card,
Frank,41,R2,9709,R3,FALSE,TRUE,0,0,0,0,TRUE,FALSE,0,0,0,1,0,0,0,FALSE,P,FALSE,2,FALSE,No Card,Bad human player. Eh driving really slow ngl
YZ,41,R1,10257,R1,FALSE,TRUE,0,0,0,0,FALSE,TRUE,0,0,1,0,0,0,0,FALSE,P,FALSE,1,FALSE,No Card,Coral intake was41391t really working
AW,41,R3,539,R2,FALSE,TRUE,0,0,0,0,FALSE,TRUE,0,0,0,6,0,0,0,FALSE,P,FALSE,4,FALSE,No Card,"Tried to algae processor, could41391t"
RL,41,B2,540,R1,FALSE,TRUE,0,0,0,0,FALSE,FALSE,0,0,0,1,1,4,0,FALSE,No,FALSE,4,FALSE,No Card,Speedy but indecisive driver
ADK,42,B3,4505,R2,FALSE,TRUE,0,0,0,0,FALSE,FALSE,0,0,0,0,0,0,3,FALSE,No,FALSE,2,FALSE,No Card,Missed a lot of attempted shots
YZ,42,R1,5724,R1,FALSE,TRUE,0,0,0,0,FALSE,FALSE,0,0,0,0,0,0,0,FALSE,No,FALSE,3,TRUE,No Card,Disconnected/disabled
YZ,43,R1,617,R1,FALSE,FALSE,0,0,0,0,FALSE,FALSE,0,0,0,0,0,0,0,FALSE,P,FALSE,3,TRUE,No Card,Disabled
ADK,43,B3,8592,R2,FALSE,TRUE,0,0,0,1,TRUE,FALSE,1,0,0,0,3,4,5,TRUE,P,FALSE,3,FALSE,No Card,
AW,43,R3,1599,R3,FALSE,FALSE,0,0,0,0,TRUE,FALSE,0,0,0,0,0,1,1,FALSE,P,FALSE,3,FALSE,No Card,Got a piece of coral stuck in it
Frank,43,R2,2998,R2,FALSE,TRUE,1,0,0,0,FALSE,FALSE,0,0,0,5,0,0,0,FALSE,No,FALSE,3,FALSE,No Card,
SZ,43,B2,3258,R2,FALSE,TRUE,0,0,0,0,FALSE,FALSE,0,0,0,3,0,0,0,FALSE,P,FALSE,5,FALSE,No Card,Kitbot
BH,43,B1,3361,R3,FALSE,TRUE,0,0,0,0,TRUE,FALSE,0,0,0,0,0,0,0,FALSE,P,FALSE,3,FALSE,No Card,Broken / ineffective correl intake method
SZ,44,B2,1895,R2,FALSE,TRUE,0,0,0,0,TRUE,FALSE,0,0,0,0,0,0,5,FALSE,P,FALSE,5,FALSE,No Card,Kind of slow
AW,44,R3,2106,R3,FALSE,TRUE,0,0,0,1,FALSE,FALSE,0,0,0,0,0,2,3,TRUE,P,FALSE,4,FALSE,No Card,A bit shaky
YZ,44,R1,5804,R1,FALSE,TRUE,0,0,0,0,FALSE,FALSE,0,0,0,0,5,2,0,FALSE,P,FALSE,3,FALSE,No Card,Intake does41391t hold onto coral very well
ADK,44,B3,10370,R1,FALSE,TRUE,0,0,0,0,FALSE,FALSE,0,0,0,5,0,0,0,FALSE,P,FALSE,3,FALSE,No Card,
RL,44,R2,404,R2,FALSE,TRUE,0,0,0,0,TRUE,FALSE,0,0,4,0,0,0,0,FALSE,P,FALSE,3,FALSE,No Card,Scored 2 in blue processor ??? Forced coopertition
BH,44,B1,6326,R3,FALSE,TRUE,0,0,0,0,FALSE,FALSE,0,0,0,0,0,0,0,FALSE,P,FALSE,3,FALSE,No Card,Amazing defense worth around 3 L4 in my opinion
AW,45,R3,4472,R2,FALSE,TRUE,0,0,0,0,TRUE,FALSE,0,0,2,0,1,4,0,FALSE,P,FALSE,4,FALSE,No Card,Nice algae
BH,45,B1,9003,R1,FALSE,TRUE,0,0,0,0,FALSE,FALSE,0,0,0,0,4,2,2,FALSE,P,FALSE,3,FALSE,No Card,
YZ,45,R1,4286,R3,TRUE,FALSE,0,0,0,0,FALSE,FALSE,0,0,0,0,0,0,0,FALSE,No,FALSE,3,FALSE,No Card,Was taken off the field
Frank,45,B2,449,R3,FALSE,TRUE,0,0,0,0,FALSE,FALSE,0,0,0,0,8,0,0,FALSE,P,TRUE,4,FALSE,No Card,Cooked. But good try.
AZ,45,R2,4472,R2,FALSE,TRUE,0,0,0,0,FALSE,FALSE,0,0,0,0,0,4,0,FALSE,P,FALSE,3,FALSE,No Card,
ADK,45,B3,1522,R2,FALSE,TRUE,0,0,0,0,TRUE,FALSE,0,0,2,0,0,4,0,FALSE,P,FALSE,3,FALSE,No Card,
ADK,46,B3,614,R2,FALSE,TRUE,1,0,0,0,FALSE,TRUE,0,0,3,5,0,0,0,FALSE,P,FALSE,2,FALSE,No Card,
AW,46,R3,3373,R3,FALSE,TRUE,0,0,0,0,FALSE,FALSE,0,0,0,0,0,1,2,TRUE,P,FALSE,3,FALSE,No Card,Poor balance
YZ,46,R1,1731,R1,FALSE,TRUE,0,0,0,2,FALSE,FALSE,0,0,0,0,0,3,4,TRUE,D,FALSE,4,FALSE,No Card,Multiple corals knocked out by defense
BH,46,B1,346,R3,FALSE,TRUE,0,0,0,1,FALSE,FALSE,0,0,0,0,0,0,0,FALSE,P,FALSE,3,FALSE,No Card,An algae got stuck they dealt with great Defense
AZ,46,R2,10257,R2,FALSE,TRUE,0,0,0,0,FALSE,TRUE,0,0,0,0,0,0,0,FALSE,P,FALSE,1,FALSE,No Card,"Really weird driving, tried to defend the defense?"
SZ,46,B2,8592,R1,FALSE,TRUE,0,0,0,1,TRUE,FALSE,0,0,0,0,0,5,5,TRUE,D,FALSE,5,FALSE,No Card,woah!!
AW,47,R3,9214,R2,FALSE,TRUE,1,0,0,0,TRUE,FALSE,0,0,0,0,1,3,0,FALSE,No,FALSE,2,FALSE,No Card,Na
YZ,47,R1,3258,R1,FALSE,TRUE,0,0,0,0,FALSE,FALSE,0,0,0,3,0,0,0,FALSE,P,FALSE,2,FALSE,No Card,
SZ,47,B2,339,R1,FALSE,TRUE,0,0,0,0,FALSE,FALSE,0,0,0,0,1,1,0,FALSE,No,FALSE,4,FALSE,No Card,Dropped coral a lot
ADK,47,B3,539,R2,FALSE,TRUE,1,0,0,0,FALSE,TRUE,0,0,2,2,0,0,0,FALSE,P,FALSE,2,FALSE,No Card,Dropped a lot while intaking
BH,47,B1,1262,R3,FALSE,TRUE,0,0,0,0,TRUE,FALSE,0,0,0,0,1,3,0,FALSE,P,FALSE,3,FALSE,No Card,Great at algae cannot do L4
KO,47,R2,1895,R3,FALSE,TRUE,0,0,0,0,TRUE,FALSE,0,0,0,0,0,0,4,FALSE,No,FALSE,4,FALSE,No Card,Wobbly intake
YZ,48,R1,0,R2,FALSE,TRUE,0,0,0,0,FALSE,FALSE,0,0,0,0,0,4,3,FALSE,P,FALSE,4,FALSE,No Card,
BH,48,B1,540,R3,FALSE,TRUE,0,0,0,0,TRUE,FALSE,0,0,0,0,2,7,0,FALSE,No,FALSE,3,FALSE,No Card,
ADK,48,B3,0,R2,TRUE,FALSE,0,0,0,0,FALSE,FALSE,0,0,0,0,0,0,0,FALSE,No,FALSE,3,FALSE,No Card,
SZ,48,B2,449,R1,FALSE,TRUE,0,0,0,0,TRUE,FALSE,0,0,0,0,9,0,0,FALSE,P,FALSE,5,FALSE,No Card,yippee
AY,48,R2,6323,R1,FALSE,TRUE,0,0,0,0,TRUE,FALSE,0,0,0,0,0,0,0,FALSE,P,FALSE,3,FALSE,No Card,